{"MapID":0,"Bricks":{"list":[{"list":[]},{"list":[]},{"list":[]},{"list":[]},{"list":[]},{"list":[]},{"list":[{"BrickID":0,"BrickType":0,"ShapeType":0,"AttributeType":0,"BrickToolType":0,"LockType":0,"ButterTimes":0,"ExtraAttributes":"","BreakTime":{"x":0,"y":0},"IsMovable":false,"MovePosition":0.0,"IsCustomColor":false,"CustomColorIndex":0,"Size":{"x":0,"y":0},"IsSplit":false,"ActivityType":0,"HitPosition":{"x":0,"y":0},"HitChangeType":0},{"BrickID":1,"BrickType":40,"ShapeType":1,"AttributeType":0,"BrickToolType":1,"LockType":0,"ButterTimes":1,"ExtraAttributes":"","BreakTime":{"x":25,"y":0},"IsMovable":false,"MovePosition":0.0,"IsCustomColor":false,"CustomColorIndex":0,"Size":{"x":2,"y":2},"IsSplit":false,"ActivityType":0,"HitPosition":{"x":0,"y":0},"HitChangeType":0},{"BrickID":0,"BrickType":0,"ShapeType":0,"AttributeType":0,"BrickToolType":0,"LockType":0,"ButterTimes":0,"ExtraAttributes":"","BreakTime":{"x":0,"y":0},"IsMovable":false,"MovePosition":0.0,"IsCustomColor":false,"CustomColorIndex":0,"Size":{"x":0,"y":0},"IsSplit":false,"ActivityType":0,"HitPosition":{"x":0,"y":0},"HitChangeType":0},{"BrickID":0,"BrickType":0,"ShapeType":0,"AttributeType":0,"BrickToolType":0,"LockType":0,"ButterTimes":0,"ExtraAttributes":"","BreakTime":{"x":0,"y":0},"IsMovable":false,"MovePosition":0.0,"IsCustomColor":false,"CustomColorIndex":0,"Size":{"x":0,"y":0},"IsSplit":false,"ActivityType":0,"HitPosition":{"x":0,"y":0},"HitChangeType":0},{"BrickID":0,"BrickType":0,"ShapeType":0,"AttributeType":0,"BrickToolType":0,"LockType":0,"ButterTimes":0,"ExtraAttributes":"","BreakTime":{"x":0,"y":0},"IsMovable":false,"MovePosition":0.0,"IsCustomColor":false,"CustomColorIndex":0,"Size":{"x":0,"y":0},"IsSplit":false,"ActivityType":0,"HitPosition":{"x":0,"y":0},"HitChangeType":0},{"BrickID":1,"BrickType":25,"ShapeType":1,"AttributeType":0,"BrickToolType":1,"LockType":0,"ButterTimes":1,"ExtraAttributes":"","BreakTime":{"x":66,"y":0},"IsMovable":false,"MovePosition":0.0,"IsCustomColor":false,"CustomColorIndex":0,"Size":{"x":1,"y":1},"IsSplit":false,"ActivityType":0,"HitPosition":{"x":0,"y":0},"HitChangeType":0},{"BrickID":1,"BrickType":25,"ShapeType":1,"AttributeType":0,"BrickToolType":1,"LockType":0,"ButterTimes":1,"ExtraAttributes":"","BreakTime":{"x":66,"y":0},"IsMovable":false,"MovePosition":0.0,"IsCustomColor":false,"CustomColorIndex":0,"Size":{"x":1,"y":1},"IsSplit":false,"ActivityType":0,"HitPosition":{"x":0,"y":0},"HitChangeType":0},{"BrickID":1,"BrickType":25,"ShapeType":1,"AttributeType":0,"BrickToolType":1,"LockType":0,"ButterTimes":1,"ExtraAttributes":"","BreakTime":{"x":66,"y":0},"IsMovable":false,"MovePosition":0.0,"IsCustomColor":false,"CustomColorIndex":0,"Size":{"x":1,"y":1},"IsSplit":false,"ActivityType":0,"HitPosition":{"x":0,"y":0},"HitChangeType":0},{"BrickID":1,"BrickType":25,"ShapeType":1,"AttributeType":0,"BrickToolType":1,"LockType":0,"ButterTimes":1,"ExtraAttributes":"","BreakTime":{"x":66,"y":0},"IsMovable":false,"MovePosition":0.0,"IsCustomColor":false,"CustomColorIndex":0,"Size":{"x":1,"y":1},"IsSplit":false,"ActivityType":0,"HitPosition":{"x":0,"y":0},"HitChangeType":0},{"BrickID":0,"BrickType":0,"ShapeType":0,"AttributeType":0,"BrickToolType":0,"LockType":0,"ButterTimes":0,"ExtraAttributes":"","BreakTime":{"x":0,"y":0},"IsMovable":false,"MovePosition":0.0,"IsCustomColor":false,"CustomColorIndex":0,"Size":{"x":0,"y":0},"IsSplit":false,"ActivityType":0,"HitPosition":{"x":0,"y":0},"HitChangeType":0},{"BrickID":1,"BrickType":40,"ShapeType":1,"AttributeType":0,"BrickToolType":1,"LockType":0,"ButterTimes":1,"ExtraAttributes":"","BreakTime":{"x":25,"y":0},"IsMovable":false,"MovePosition":0.0,"IsCustomColor":false,"CustomColorIndex":0,"Size":{"x":2,"y":2},"IsSplit":false,"ActivityType":0,"HitPosition":{"x":0,"y":0},"HitChangeType":0}]},{"list":[{"BrickID":0,"BrickType":0,"ShapeType":0,"AttributeType":0,"BrickToolType":0,"LockType":0,"ButterTimes":0,"ExtraAttributes":"","BreakTime":{"x":0,"y":0},"IsMovable":false,"MovePosition":0.0,"IsCustomColor":false,"CustomColorIndex":0,"Size":{"x":0,"y":0},"IsSplit":false,"ActivityType":0,"HitPosition":{"x":0,"y":0},"HitChangeType":0},{"BrickID":0,"BrickType":0,"ShapeType":0,"AttributeType":0,"BrickToolType":0,"LockType":0,"ButterTimes":0,"ExtraAttributes":"","BreakTime":{"x":0,"y":0},"IsMovable":false,"MovePosition":0.0,"IsCustomColor":false,"CustomColorIndex":0,"Size":{"x":0,"y":0},"IsSplit":false,"ActivityType":0,"HitPosition":{"x":0,"y":0},"HitChangeType":0},{"BrickID":0,"BrickType":0,"ShapeType":0,"AttributeType":0,"BrickToolType":0,"LockType":0,"ButterTimes":0,"ExtraAttributes":"","BreakTime":{"x":0,"y":0},"IsMovable":false,"MovePosition":0.0,"IsCustomColor":false,"CustomColorIndex":0,"Size":{"x":0,"y":0},"IsSplit":false,"ActivityType":0,"HitPosition":{"x":0,"y":0},"HitChangeType":0},{"BrickID":1,"BrickType":27,"ShapeType":1,"AttributeType":0,"BrickToolType":1,"LockType":0,"ButterTimes":1,"ExtraAttributes":"","BreakTime":{"x":50,"y":0},"IsMovable":false,"MovePosition":0.0,"IsCustomColor":false,"CustomColorIndex":0,"Size":{"x":2,"y":2},"IsSplit":false,"ActivityType":0,"HitPosition":{"x":0,"y":0},"HitChangeType":0}]},{"list":[{"BrickID":0,"BrickType":0,"ShapeType":0,"AttributeType":0,"BrickToolType":0,"LockType":0,"ButterTimes":0,"ExtraAttributes":"","BreakTime":{"x":0,"y":0},"IsMovable":false,"MovePosition":0.0,"IsCustomColor":false,"CustomColorIndex":0,"Size":{"x":0,"y":0},"IsSplit":false,"ActivityType":0,"HitPosition":{"x":0,"y":0},"HitChangeType":0},{"BrickID":1,"BrickType":25,"ShapeType":1,"AttributeType":0,"BrickToolType":1,"LockType":0,"ButterTimes":1,"ExtraAttributes":"","BreakTime":{"x":66,"y":0},"IsMovable":false,"MovePosition":0.0,"IsCustomColor":false,"CustomColorIndex":0,"Size":{"x":1,"y":1},"IsSplit":false,"ActivityType":0,"HitPosition":{"x":0,"y":0},"HitChangeType":0},{"BrickID":1,"BrickType":1,"ShapeType":1,"AttributeType":0,"BrickToolType":1,"LockType":0,"ButterTimes":1,"ExtraAttributes":"","BreakTime":{"x":56,"y":0},"IsMovable":false,"MovePosition":0.0,"IsCustomColor":false,"CustomColorIndex":0,"Size":{"x":1,"y":1},"IsSplit":false,"ActivityType":0,"HitPosition":{"x":0,"y":0},"HitChangeType":0},{"BrickID":0,"BrickType":0,"ShapeType":0,"AttributeType":0,"BrickToolType":0,"LockType":0,"ButterTimes":0,"ExtraAttributes":"","BreakTime":{"x":0,"y":0},"IsMovable":false,"MovePosition":0.0,"IsCustomColor":false,"CustomColorIndex":0,"Size":{"x":0,"y":0},"IsSplit":false,"ActivityType":0,"HitPosition":{"x":0,"y":0},"HitChangeType":0},{"BrickID":0,"BrickType":0,"ShapeType":0,"AttributeType":0,"BrickToolType":0,"LockType":0,"ButterTimes":0,"ExtraAttributes":"","BreakTime":{"x":0,"y":0},"IsMovable":false,"MovePosition":0.0,"IsCustomColor":false,"CustomColorIndex":0,"Size":{"x":0,"y":0},"IsSplit":false,"ActivityType":0,"HitPosition":{"x":0,"y":0},"HitChangeType":0},{"BrickID":0,"BrickType":0,"ShapeType":0,"AttributeType":0,"BrickToolType":0,"LockType":0,"ButterTimes":0,"ExtraAttributes":"","BreakTime":{"x":0,"y":0},"IsMovable":false,"MovePosition":0.0,"IsCustomColor":false,"CustomColorIndex":0,"Size":{"x":0,"y":0},"IsSplit":false,"ActivityType":0,"HitPosition":{"x":0,"y":0},"HitChangeType":0},{"BrickID":0,"BrickType":0,"ShapeType":0,"AttributeType":0,"BrickToolType":0,"LockType":0,"ButterTimes":0,"ExtraAttributes":"","BreakTime":{"x":0,"y":0},"IsMovable":false,"MovePosition":0.0,"IsCustomColor":false,"CustomColorIndex":0,"Size":{"x":0,"y":0},"IsSplit":false,"ActivityType":0,"HitPosition":{"x":0,"y":0},"HitChangeType":0},{"BrickID":0,"BrickType":0,"ShapeType":0,"AttributeType":0,"BrickToolType":0,"LockType":0,"ButterTimes":0,"ExtraAttributes":"","BreakTime":{"x":0,"y":0},"IsMovable":false,"MovePosition":0.0,"IsCustomColor":false,"CustomColorIndex":0,"Size":{"x":0,"y":0},"IsSplit":false,"ActivityType":0,"HitPosition":{"x":0,"y":0},"HitChangeType":0},{"BrickID":0,"BrickType":0,"ShapeType":0,"AttributeType":0,"BrickToolType":0,"LockType":0,"ButterTimes":0,"ExtraAttributes":"","BreakTime":{"x":0,"y":0},"IsMovable":false,"MovePosition":0.0,"IsCustomColor":false,"CustomColorIndex":0,"Size":{"x":0,"y":0},"IsSplit":false,"ActivityType":0,"HitPosition":{"x":0,"y":0},"HitChangeType":0},{"BrickID":0,"BrickType":0,"ShapeType":0,"AttributeType":0,"BrickToolType":0,"LockType":0,"ButterTimes":0,"ExtraAttributes":"","BreakTime":{"x":0,"y":0},"IsMovable":false,"MovePosition":0.0,"IsCustomColor":false,"CustomColorIndex":0,"Size":{"x":0,"y":0},"IsSplit":false,"ActivityType":0,"HitPosition":{"x":0,"y":0},"HitChangeType":0},{"BrickID":0,"BrickType":0,"ShapeType":0,"AttributeType":0,"BrickToolType":0,"LockType":0,"ButterTimes":0,"ExtraAttributes":"","BreakTime":{"x":0,"y":0},"IsMovable":false,"MovePosition":0.0,"IsCustomColor":false,"CustomColorIndex":0,"Size":{"x":0,"y":0},"IsSplit":false,"ActivityType":0,"HitPosition":{"x":0,"y":0},"HitChangeType":0},{"BrickID":1,"BrickType":25,"ShapeType":1,"AttributeType":0,"BrickToolType":1,"LockType":0,"ButterTimes":1,"ExtraAttributes":"","BreakTime":{"x":66,"y":0},"IsMovable":false,"MovePosition":0.0,"IsCustomColor":false,"CustomColorIndex":0,"Size":{"x":1,"y":1},"IsSplit":false,"ActivityType":0,"HitPosition":{"x":0,"y":0},"HitChangeType":0}]},{"list":[{"BrickID":0,"BrickType":0,"ShapeType":0,"AttributeType":0,"BrickToolType":0,"LockType":0,"ButterTimes":0,"ExtraAttributes":"","BreakTime":{"x":0,"y":0},"IsMovable":false,"MovePosition":0.0,"IsCustomColor":false,"CustomColorIndex":0,"Size":{"x":0,"y":0},"IsSplit":false,"ActivityType":0,"HitPosition":{"x":0,"y":0},"HitChangeType":0},{"BrickID":1,"BrickType":25,"ShapeType":1,"AttributeType":0,"BrickToolType":1,"LockType":0,"ButterTimes":1,"ExtraAttributes":"","BreakTime":{"x":66,"y":0},"IsMovable":false,"MovePosition":0.0,"IsCustomColor":false,"CustomColorIndex":0,"Size":{"x":1,"y":1},"IsSplit":false,"ActivityType":0,"HitPosition":{"x":0,"y":0},"HitChangeType":0},{"BrickID":1,"BrickType":1,"ShapeType":1,"AttributeType":0,"BrickToolType":1,"LockType":0,"ButterTimes":1,"ExtraAttributes":"","BreakTime":{"x":56,"y":0},"IsMovable":false,"MovePosition":0.0,"IsCustomColor":false,"CustomColorIndex":0,"Size":{"x":1,"y":1},"IsSplit":false,"ActivityType":0,"HitPosition":{"x":0,"y":0},"HitChangeType":0},{"BrickID":1,"BrickType":1,"ShapeType":1,"AttributeType":0,"BrickToolType":1,"LockType":0,"ButterTimes":1,"ExtraAttributes":"","BreakTime":{"x":65,"y":0},"IsMovable":false,"MovePosition":0.0,"IsCustomColor":false,"CustomColorIndex":0,"Size":{"x":1,"y":1},"IsSplit":false,"ActivityType":0,"HitPosition":{"x":0,"y":0},"HitChangeType":0},{"BrickID":1,"BrickType":1,"ShapeType":1,"AttributeType":0,"BrickToolType":1,"LockType":0,"ButterTimes":1,"ExtraAttributes":"","BreakTime":{"x":56,"y":0},"IsMovable":false,"MovePosition":0.0,"IsCustomColor":false,"CustomColorIndex":0,"Size":{"x":1,"y":1},"IsSplit":false,"ActivityType":0,"HitPosition":{"x":0,"y":0},"HitChangeType":0},{"BrickID":1,"BrickType":40,"ShapeType":1,"AttributeType":0,"BrickToolType":1,"LockType":0,"ButterTimes":1,"ExtraAttributes":"","BreakTime":{"x":25,"y":0},"IsMovable":false,"MovePosition":0.0,"IsCustomColor":false,"CustomColorIndex":0,"Size":{"x":2,"y":2},"IsSplit":false,"ActivityType":0,"HitPosition":{"x":0,"y":0},"HitChangeType":0},{"BrickID":0,"BrickType":0,"ShapeType":0,"AttributeType":0,"BrickToolType":0,"LockType":0,"ButterTimes":0,"ExtraAttributes":"","BreakTime":{"x":0,"y":0},"IsMovable":false,"MovePosition":0.0,"IsCustomColor":false,"CustomColorIndex":0,"Size":{"x":0,"y":0},"IsSplit":false,"ActivityType":0,"HitPosition":{"x":0,"y":0},"HitChangeType":0},{"BrickID":0,"BrickType":0,"ShapeType":0,"AttributeType":0,"BrickToolType":0,"LockType":0,"ButterTimes":0,"ExtraAttributes":"","BreakTime":{"x":0,"y":0},"IsMovable":false,"MovePosition":0.0,"IsCustomColor":false,"CustomColorIndex":0,"Size":{"x":0,"y":0},"IsSplit":false,"ActivityType":0,"HitPosition":{"x":0,"y":0},"HitChangeType":0},{"BrickID":0,"BrickType":0,"ShapeType":0,"AttributeType":0,"BrickToolType":0,"LockType":0,"ButterTimes":0,"ExtraAttributes":"","BreakTime":{"x":0,"y":0},"IsMovable":false,"MovePosition":0.0,"IsCustomColor":false,"CustomColorIndex":0,"Size":{"x":0,"y":0},"IsSplit":false,"ActivityType":0,"HitPosition":{"x":0,"y":0},"HitChangeType":0},{"BrickID":0,"BrickType":0,"ShapeType":0,"AttributeType":0,"BrickToolType":0,"LockType":0,"ButterTimes":0,"ExtraAttributes":"","BreakTime":{"x":0,"y":0},"IsMovable":false,"MovePosition":0.0,"IsCustomColor":false,"CustomColorIndex":0,"Size":{"x":0,"y":0},"IsSplit":false,"ActivityType":0,"HitPosition":{"x":0,"y":0},"HitChangeType":0},{"BrickID":1,"BrickType":40,"ShapeType":1,"AttributeType":0,"BrickToolType":1,"LockType":0,"ButterTimes":1,"ExtraAttributes":"","BreakTime":{"x":25,"y":0},"IsMovable":false,"MovePosition":0.0,"IsCustomColor":false,"CustomColorIndex":0,"Size":{"x":2,"y":2},"IsSplit":false,"ActivityType":0,"HitPosition":{"x":0,"y":0},"HitChangeType":0}]},{"list":[{"BrickID":0,"BrickType":0,"ShapeType":0,"AttributeType":0,"BrickToolType":0,"LockType":0,"ButterTimes":0,"ExtraAttributes":"","BreakTime":{"x":0,"y":0},"IsMovable":false,"MovePosition":0.0,"IsCustomColor":false,"CustomColorIndex":0,"Size":{"x":0,"y":0},"IsSplit":false,"ActivityType":0,"HitPosition":{"x":0,"y":0},"HitChangeType":0},{"BrickID":1,"BrickType":25,"ShapeType":1,"AttributeType":0,"BrickToolType":1,"LockType":0,"ButterTimes":1,"ExtraAttributes":"","BreakTime":{"x":66,"y":0},"IsMovable":false,"MovePosition":0.0,"IsCustomColor":false,"CustomColorIndex":0,"Size":{"x":1,"y":1},"IsSplit":false,"ActivityType":0,"HitPosition":{"x":0,"y":0},"HitChangeType":0},{"BrickID":1,"BrickType":1,"ShapeType":1,"AttributeType":0,"BrickToolType":1,"LockType":0,"ButterTimes":1,"ExtraAttributes":"","BreakTime":{"x":65,"y":0},"IsMovable":false,"MovePosition":0.0,"IsCustomColor":false,"CustomColorIndex":0,"Size":{"x":1,"y":1},"IsSplit":false,"ActivityType":0,"HitPosition":{"x":0,"y":0},"HitChangeType":0},{"BrickID":1,"BrickType":1,"ShapeType":1,"AttributeType":0,"BrickToolType":1,"LockType":0,"ButterTimes":1,"ExtraAttributes":"","BreakTime":{"x":56,"y":0},"IsMovable":false,"MovePosition":0.0,"IsCustomColor":false,"CustomColorIndex":0,"Size":{"x":1,"y":1},"IsSplit":false,"ActivityType":0,"HitPosition":{"x":0,"y":0},"HitChangeType":0},{"BrickID":1,"BrickType":1,"ShapeType":1,"AttributeType":0,"BrickToolType":1,"LockType":0,"ButterTimes":1,"ExtraAttributes":"","BreakTime":{"x":65,"y":0},"IsMovable":false,"MovePosition":0.0,"IsCustomColor":false,"CustomColorIndex":0,"Size":{"x":1,"y":1},"IsSplit":false,"ActivityType":0,"HitPosition":{"x":0,"y":0},"HitChangeType":0},{"BrickID":0,"BrickType":0,"ShapeType":0,"AttributeType":0,"BrickToolType":0,"LockType":0,"ButterTimes":0,"ExtraAttributes":"","BreakTime":{"x":0,"y":0},"IsMovable":false,"MovePosition":0.0,"IsCustomColor":false,"CustomColorIndex":0,"Size":{"x":0,"y":0},"IsSplit":false,"ActivityType":0,"HitPosition":{"x":0,"y":0},"HitChangeType":0},{"BrickID":0,"BrickType":0,"ShapeType":0,"AttributeType":0,"BrickToolType":0,"LockType":0,"ButterTimes":0,"ExtraAttributes":"","BreakTime":{"x":0,"y":0},"IsMovable":false,"MovePosition":0.0,"IsCustomColor":false,"CustomColorIndex":0,"Size":{"x":0,"y":0},"IsSplit":false,"ActivityType":0,"HitPosition":{"x":0,"y":0},"HitChangeType":0},{"BrickID":1,"BrickType":27,"ShapeType":1,"AttributeType":0,"BrickToolType":1,"LockType":0,"ButterTimes":1,"ExtraAttributes":"","BreakTime":{"x":50,"y":0},"IsMovable":false,"MovePosition":0.0,"IsCustomColor":false,"CustomColorIndex":0,"Size":{"x":2,"y":2},"IsSplit":false,"ActivityType":0,"HitPosition":{"x":0,"y":0},"HitChangeType":0}]},{"list":[{"BrickID":0,"BrickType":0,"ShapeType":0,"AttributeType":0,"BrickToolType":0,"LockType":0,"ButterTimes":0,"ExtraAttributes":"","BreakTime":{"x":0,"y":0},"IsMovable":false,"MovePosition":0.0,"IsCustomColor":false,"CustomColorIndex":0,"Size":{"x":0,"y":0},"IsSplit":false,"ActivityType":0,"HitPosition":{"x":0,"y":0},"HitChangeType":0},{"BrickID":0,"BrickType":0,"ShapeType":0,"AttributeType":0,"BrickToolType":0,"LockType":0,"ButterTimes":0,"ExtraAttributes":"","BreakTime":{"x":0,"y":0},"IsMovable":false,"MovePosition":0.0,"IsCustomColor":false,"CustomColorIndex":0,"Size":{"x":0,"y":0},"IsSplit":false,"ActivityType":0,"HitPosition":{"x":0,"y":0},"HitChangeType":0},{"BrickID":1,"BrickType":25,"ShapeType":1,"AttributeType":0,"BrickToolType":1,"LockType":0,"ButterTimes":1,"ExtraAttributes":"","BreakTime":{"x":66,"y":0},"IsMovable":false,"MovePosition":0.0,"IsCustomColor":false,"CustomColorIndex":0,"Size":{"x":1,"y":1},"IsSplit":false,"ActivityType":0,"HitPosition":{"x":0,"y":0},"HitChangeType":0},{"BrickID":1,"BrickType":1,"ShapeType":1,"AttributeType":0,"BrickToolType":1,"LockType":0,"ButterTimes":1,"ExtraAttributes":"","BreakTime":{"x":30,"y":0},"IsMovable":false,"MovePosition":0.0,"IsCustomColor":false,"CustomColorIndex":0,"Size":{"x":1,"y":1},"IsSplit":false,"ActivityType":0,"HitPosition":{"x":0,"y":0},"HitChangeType":0},{"BrickID":1,"BrickType":1,"ShapeType":1,"AttributeType":0,"BrickToolType":1,"LockType":0,"ButterTimes":1,"ExtraAttributes":"","BreakTime":{"x":65,"y":0},"IsMovable":false,"MovePosition":0.0,"IsCustomColor":false,"CustomColorIndex":0,"Size":{"x":1,"y":1},"IsSplit":false,"ActivityType":0,"HitPosition":{"x":0,"y":0},"HitChangeType":0},{"BrickID":1,"BrickType":1,"ShapeType":1,"AttributeType":0,"BrickToolType":1,"LockType":0,"ButterTimes":1,"ExtraAttributes":"","BreakTime":{"x":56,"y":0},"IsMovable":false,"MovePosition":0.0,"IsCustomColor":false,"CustomColorIndex":0,"Size":{"x":1,"y":1},"IsSplit":false,"ActivityType":0,"HitPosition":{"x":0,"y":0},"HitChangeType":0},{"BrickID":0,"BrickType":0,"ShapeType":0,"AttributeType":0,"BrickToolType":0,"LockType":0,"ButterTimes":0,"ExtraAttributes":"","BreakTime":{"x":0,"y":0},"IsMovable":false,"MovePosition":0.0,"IsCustomColor":false,"CustomColorIndex":0,"Size":{"x":0,"y":0},"IsSplit":false,"ActivityType":0,"HitPosition":{"x":0,"y":0},"HitChangeType":0},{"BrickID":0,"BrickType":0,"ShapeType":0,"AttributeType":0,"BrickToolType":0,"LockType":0,"ButterTimes":0,"ExtraAttributes":"","BreakTime":{"x":0,"y":0},"IsMovable":false,"MovePosition":0.0,"IsCustomColor":false,"CustomColorIndex":0,"Size":{"x":0,"y":0},"IsSplit":false,"ActivityType":0,"HitPosition":{"x":0,"y":0},"HitChangeType":0},{"BrickID":0,"BrickType":0,"ShapeType":0,"AttributeType":0,"BrickToolType":0,"LockType":0,"ButterTimes":0,"ExtraAttributes":"","BreakTime":{"x":0,"y":0},"IsMovable":false,"MovePosition":0.0,"IsCustomColor":false,"CustomColorIndex":0,"Size":{"x":0,"y":0},"IsSplit":false,"ActivityType":0,"HitPosition":{"x":0,"y":0},"HitChangeType":0},{"BrickID":0,"BrickType":0,"ShapeType":0,"AttributeType":0,"BrickToolType":0,"LockType":0,"ButterTimes":0,"ExtraAttributes":"","BreakTime":{"x":0,"y":0},"IsMovable":false,"MovePosition":0.0,"IsCustomColor":false,"CustomColorIndex":0,"Size":{"x":0,"y":0},"IsSplit":false,"ActivityType":0,"HitPosition":{"x":0,"y":0},"HitChangeType":0},{"BrickID":0,"BrickType":0,"ShapeType":0,"AttributeType":0,"BrickToolType":0,"LockType":0,"ButterTimes":0,"ExtraAttributes":"","BreakTime":{"x":0,"y":0},"IsMovable":false,"MovePosition":0.0,"IsCustomColor":false,"CustomColorIndex":0,"Size":{"x":0,"y":0},"IsSplit":false,"ActivityType":0,"HitPosition":{"x":0,"y":0},"HitChangeType":0},{"BrickID":1,"BrickType":25,"ShapeType":1,"AttributeType":0,"BrickToolType":1,"LockType":0,"ButterTimes":1,"ExtraAttributes":"","BreakTime":{"x":66,"y":0},"IsMovable":false,"MovePosition":0.0,"IsCustomColor":false,"CustomColorIndex":0,"Size":{"x":1,"y":1},"IsSplit":false,"ActivityType":0,"HitPosition":{"x":0,"y":0},"HitChangeType":0}]},{"list":[{"BrickID":0,"BrickType":0,"ShapeType":0,"AttributeType":0,"BrickToolType":0,"LockType":0,"ButterTimes":0,"ExtraAttributes":"","BreakTime":{"x":0,"y":0},"IsMovable":false,"MovePosition":0.0,"IsCustomColor":false,"CustomColorIndex":0,"Size":{"x":0,"y":0},"IsSplit":false,"ActivityType":0,"HitPosition":{"x":0,"y":0},"HitChangeType":0},{"BrickID":0,"BrickType":0,"ShapeType":0,"AttributeType":0,"BrickToolType":0,"LockType":0,"ButterTimes":0,"ExtraAttributes":"","BreakTime":{"x":0,"y":0},"IsMovable":false,"MovePosition":0.0,"IsCustomColor":false,"CustomColorIndex":0,"Size":{"x":0,"y":0},"IsSplit":false,"ActivityType":0,"HitPosition":{"x":0,"y":0},"HitChangeType":0},{"BrickID":1,"BrickType":25,"ShapeType":1,"AttributeType":0,"BrickToolType":1,"LockType":0,"ButterTimes":1,"ExtraAttributes":"","BreakTime":{"x":66,"y":0},"IsMovable":false,"MovePosition":0.0,"IsCustomColor":false,"CustomColorIndex":0,"Size":{"x":1,"y":1},"IsSplit":false,"ActivityType":0,"HitPosition":{"x":0,"y":0},"HitChangeType":0},{"BrickID":1,"BrickType":25,"ShapeType":1,"AttributeType":0,"BrickToolType":1,"LockType":0,"ButterTimes":1,"ExtraAttributes":"","BreakTime":{"x":66,"y":0},"IsMovable":false,"MovePosition":0.0,"IsCustomColor":false,"CustomColorIndex":0,"Size":{"x":1,"y":1},"IsSplit":false,"ActivityType":0,"HitPosition":{"x":0,"y":0},"HitChangeType":0},{"BrickID":1,"BrickType":1,"ShapeType":1,"AttributeType":0,"BrickToolType":1,"LockType":0,"ButterTimes":1,"ExtraAttributes":"","BreakTime":{"x":56,"y":0},"IsMovable":false,"MovePosition":0.0,"IsCustomColor":false,"CustomColorIndex":0,"Size":{"x":1,"y":1},"IsSplit":false,"ActivityType":0,"HitPosition":{"x":0,"y":0},"HitChangeType":0},{"BrickID":1,"BrickType":1,"ShapeType":1,"AttributeType":0,"BrickToolType":1,"LockType":0,"ButterTimes":1,"ExtraAttributes":"","BreakTime":{"x":65,"y":0},"IsMovable":false,"MovePosition":0.0,"IsCustomColor":false,"CustomColorIndex":0,"Size":{"x":1,"y":1},"IsSplit":false,"ActivityType":0,"HitPosition":{"x":0,"y":0},"HitChangeType":0},{"BrickID":1,"BrickType":1,"ShapeType":1,"AttributeType":0,"BrickToolType":1,"LockType":0,"ButterTimes":1,"ExtraAttributes":"","BreakTime":{"x":65,"y":0},"IsMovable":false,"MovePosition":0.0,"IsCustomColor":false,"CustomColorIndex":0,"Size":{"x":1,"y":1},"IsSplit":false,"ActivityType":0,"HitPosition":{"x":0,"y":0},"HitChangeType":0},{"BrickID":1,"BrickType":1,"ShapeType":1,"AttributeType":0,"BrickToolType":1,"LockType":0,"ButterTimes":1,"ExtraAttributes":"","BreakTime":{"x":56,"y":0},"IsMovable":false,"MovePosition":0.0,"IsCustomColor":false,"CustomColorIndex":0,"Size":{"x":1,"y":1},"IsSplit":false,"ActivityType":0,"HitPosition":{"x":0,"y":0},"HitChangeType":0},{"BrickID":1,"BrickType":40,"ShapeType":1,"AttributeType":0,"BrickToolType":1,"LockType":0,"ButterTimes":1,"ExtraAttributes":"","BreakTime":{"x":25,"y":0},"IsMovable":false,"MovePosition":0.0,"IsCustomColor":false,"CustomColorIndex":0,"Size":{"x":2,"y":2},"IsSplit":false,"ActivityType":0,"HitPosition":{"x":0,"y":0},"HitChangeType":0},{"BrickID":0,"BrickType":0,"ShapeType":0,"AttributeType":0,"BrickToolType":0,"LockType":0,"ButterTimes":0,"ExtraAttributes":"","BreakTime":{"x":0,"y":0},"IsMovable":false,"MovePosition":0.0,"IsCustomColor":false,"CustomColorIndex":0,"Size":{"x":0,"y":0},"IsSplit":false,"ActivityType":0,"HitPosition":{"x":0,"y":0},"HitChangeType":0},{"BrickID":1,"BrickType":40,"ShapeType":1,"AttributeType":0,"BrickToolType":1,"LockType":0,"ButterTimes":1,"ExtraAttributes":"","BreakTime":{"x":25,"y":0},"IsMovable":false,"MovePosition":0.0,"IsCustomColor":false,"CustomColorIndex":0,"Size":{"x":2,"y":2},"IsSplit":false,"ActivityType":0,"HitPosition":{"x":0,"y":0},"HitChangeType":0}]},{"list":[{"BrickID":1,"BrickType":1,"ShapeType":1,"AttributeType":0,"BrickToolType":1,"LockType":0,"ButterTimes":1,"ExtraAttributes":"","BreakTime":{"x":30,"y":0},"IsMovable":false,"MovePosition":0.0,"IsCustomColor":false,"CustomColorIndex":0,"Size":{"x":1,"y":1},"IsSplit":false,"ActivityType":0,"HitPosition":{"x":0,"y":0},"HitChangeType":0},{"BrickID":0,"BrickType":0,"ShapeType":0,"AttributeType":0,"BrickToolType":0,"LockType":0,"ButterTimes":0,"ExtraAttributes":"","BreakTime":{"x":0,"y":0},"IsMovable":false,"MovePosition":0.0,"IsCustomColor":false,"CustomColorIndex":0,"Size":{"x":0,"y":0},"IsSplit":false,"ActivityType":0,"HitPosition":{"x":0,"y":0},"HitChangeType":0},{"BrickID":0,"BrickType":0,"ShapeType":0,"AttributeType":0,"BrickToolType":0,"LockType":0,"ButterTimes":0,"ExtraAttributes":"","BreakTime":{"x":0,"y":0},"IsMovable":false,"MovePosition":0.0,"IsCustomColor":false,"CustomColorIndex":0,"Size":{"x":0,"y":0},"IsSplit":false,"ActivityType":0,"HitPosition":{"x":0,"y":0},"HitChangeType":0},{"BrickID":0,"BrickType":0,"ShapeType":0,"AttributeType":0,"BrickToolType":0,"LockType":0,"ButterTimes":0,"ExtraAttributes":"","BreakTime":{"x":0,"y":0},"IsMovable":false,"MovePosition":0.0,"IsCustomColor":false,"CustomColorIndex":0,"Size":{"x":0,"y":0},"IsSplit":false,"ActivityType":0,"HitPosition":{"x":0,"y":0},"HitChangeType":0},{"BrickID":1,"BrickType":25,"ShapeType":1,"AttributeType":0,"BrickToolType":1,"LockType":0,"ButterTimes":1,"ExtraAttributes":"","BreakTime":{"x":66,"y":0},"IsMovable":false,"MovePosition":0.0,"IsCustomColor":false,"CustomColorIndex":0,"Size":{"x":1,"y":1},"IsSplit":false,"ActivityType":0,"HitPosition":{"x":0,"y":0},"HitChangeType":0},{"BrickID":1,"BrickType":25,"ShapeType":1,"AttributeType":0,"BrickToolType":1,"LockType":0,"ButterTimes":1,"ExtraAttributes":"","BreakTime":{"x":66,"y":0},"IsMovable":false,"MovePosition":0.0,"IsCustomColor":false,"CustomColorIndex":0,"Size":{"x":1,"y":1},"IsSplit":false,"ActivityType":0,"HitPosition":{"x":0,"y":0},"HitChangeType":0},{"BrickID":1,"BrickType":1,"ShapeType":1,"AttributeType":0,"BrickToolType":1,"LockType":0,"ButterTimes":1,"ExtraAttributes":"","BreakTime":{"x":30,"y":0},"IsMovable":false,"MovePosition":0.0,"IsCustomColor":false,"CustomColorIndex":0,"Size":{"x":1,"y":1},"IsSplit":false,"ActivityType":0,"HitPosition":{"x":0,"y":0},"HitChangeType":0},{"BrickID":1,"BrickType":1,"ShapeType":1,"AttributeType":0,"BrickToolType":1,"LockType":0,"ButterTimes":1,"ExtraAttributes":"","BreakTime":{"x":65,"y":0},"IsMovable":false,"MovePosition":0.0,"IsCustomColor":false,"CustomColorIndex":0,"Size":{"x":1,"y":1},"IsSplit":false,"ActivityType":0,"HitPosition":{"x":0,"y":0},"HitChangeType":0}]},{"list":[{"BrickID":1,"BrickType":1,"ShapeType":1,"AttributeType":0,"BrickToolType":1,"LockType":0,"ButterTimes":1,"ExtraAttributes":"","BreakTime":{"x":65,"y":0},"IsMovable":false,"MovePosition":0.0,"IsCustomColor":false,"CustomColorIndex":0,"Size":{"x":1,"y":1},"IsSplit":false,"ActivityType":0,"HitPosition":{"x":0,"y":0},"HitChangeType":0},{"BrickID":1,"BrickType":1,"ShapeType":1,"AttributeType":0,"BrickToolType":1,"LockType":0,"ButterTimes":1,"ExtraAttributes":"","BreakTime":{"x":56,"y":0},"IsMovable":false,"MovePosition":0.0,"IsCustomColor":false,"CustomColorIndex":0,"Size":{"x":1,"y":1},"IsSplit":false,"ActivityType":0,"HitPosition":{"x":0,"y":0},"HitChangeType":0},{"BrickID":1,"BrickType":1,"ShapeType":1,"AttributeType":0,"BrickToolType":1,"LockType":0,"ButterTimes":1,"ExtraAttributes":"","BreakTime":{"x":30,"y":0},"IsMovable":false,"MovePosition":0.0,"IsCustomColor":false,"CustomColorIndex":0,"Size":{"x":1,"y":1},"IsSplit":false,"ActivityType":0,"HitPosition":{"x":0,"y":0},"HitChangeType":0},{"BrickID":0,"BrickType":0,"ShapeType":0,"AttributeType":0,"BrickToolType":0,"LockType":0,"ButterTimes":0,"ExtraAttributes":"","BreakTime":{"x":0,"y":0},"IsMovable":false,"MovePosition":0.0,"IsCustomColor":false,"CustomColorIndex":0,"Size":{"x":0,"y":0},"IsSplit":false,"ActivityType":0,"HitPosition":{"x":0,"y":0},"HitChangeType":0},{"BrickID":0,"BrickType":0,"ShapeType":0,"AttributeType":0,"BrickToolType":0,"LockType":0,"ButterTimes":0,"ExtraAttributes":"","BreakTime":{"x":0,"y":0},"IsMovable":false,"MovePosition":0.0,"IsCustomColor":false,"CustomColorIndex":0,"Size":{"x":0,"y":0},"IsSplit":false,"ActivityType":0,"HitPosition":{"x":0,"y":0},"HitChangeType":0},{"BrickID":0,"BrickType":0,"ShapeType":0,"AttributeType":0,"BrickToolType":0,"LockType":0,"ButterTimes":0,"ExtraAttributes":"","BreakTime":{"x":0,"y":0},"IsMovable":false,"MovePosition":0.0,"IsCustomColor":false,"CustomColorIndex":0,"Size":{"x":0,"y":0},"IsSplit":false,"ActivityType":0,"HitPosition":{"x":0,"y":0},"HitChangeType":0},{"BrickID":1,"BrickType":25,"ShapeType":1,"AttributeType":0,"BrickToolType":1,"LockType":0,"ButterTimes":1,"ExtraAttributes":"","BreakTime":{"x":66,"y":0},"IsMovable":false,"MovePosition":0.0,"IsCustomColor":false,"CustomColorIndex":0,"Size":{"x":1,"y":1},"IsSplit":false,"ActivityType":0,"HitPosition":{"x":0,"y":0},"HitChangeType":0},{"BrickID":1,"BrickType":25,"ShapeType":1,"AttributeType":0,"BrickToolType":1,"LockType":0,"ButterTimes":1,"ExtraAttributes":"","BreakTime":{"x":66,"y":0},"IsMovable":false,"MovePosition":0.0,"IsCustomColor":false,"CustomColorIndex":0,"Size":{"x":1,"y":1},"IsSplit":false,"ActivityType":0,"HitPosition":{"x":0,"y":0},"HitChangeType":0},{"BrickID":1,"BrickType":1,"ShapeType":1,"AttributeType":0,"BrickToolType":1,"LockType":0,"ButterTimes":1,"ExtraAttributes":"","BreakTime":{"x":56,"y":0},"IsMovable":false,"MovePosition":0.0,"IsCustomColor":false,"CustomColorIndex":0,"Size":{"x":1,"y":1},"IsSplit":false,"ActivityType":0,"HitPosition":{"x":0,"y":0},"HitChangeType":0},{"BrickID":1,"BrickType":1,"ShapeType":1,"AttributeType":0,"BrickToolType":1,"LockType":0,"ButterTimes":1,"ExtraAttributes":"","BreakTime":{"x":65,"y":0},"IsMovable":false,"MovePosition":0.0,"IsCustomColor":false,"CustomColorIndex":0,"Size":{"x":1,"y":1},"IsSplit":false,"ActivityType":0,"HitPosition":{"x":0,"y":0},"HitChangeType":0},{"BrickID":1,"BrickType":1,"ShapeType":1,"AttributeType":0,"BrickToolType":1,"LockType":0,"ButterTimes":1,"ExtraAttributes":"","BreakTime":{"x":56,"y":0},"IsMovable":false,"MovePosition":0.0,"IsCustomColor":false,"CustomColorIndex":0,"Size":{"x":1,"y":1},"IsSplit":false,"ActivityType":0,"HitPosition":{"x":0,"y":0},"HitChangeType":0},{"BrickID":1,"BrickType":40,"ShapeType":1,"AttributeType":0,"BrickToolType":1,"LockType":0,"ButterTimes":1,"ExtraAttributes":"","BreakTime":{"x":25,"y":0},"IsMovable":false,"MovePosition":0.0,"IsCustomColor":false,"CustomColorIndex":0,"Size":{"x":2,"y":2},"IsSplit":false,"ActivityType":0,"HitPosition":{"x":0,"y":0},"HitChangeType":0}]},{"list":[{"BrickID":1,"BrickType":1,"ShapeType":1,"AttributeType":0,"BrickToolType":1,"LockType":0,"ButterTimes":1,"ExtraAttributes":"","BreakTime":{"x":56,"y":0},"IsMovable":false,"MovePosition":0.0,"IsCustomColor":false,"CustomColorIndex":0,"Size":{"x":1,"y":1},"IsSplit":false,"ActivityType":0,"HitPosition":{"x":0,"y":0},"HitChangeType":0},{"BrickID":1,"BrickType":1,"ShapeType":1,"AttributeType":0,"BrickToolType":1,"LockType":0,"ButterTimes":1,"ExtraAttributes":"","BreakTime":{"x":65,"y":0},"IsMovable":false,"MovePosition":0.0,"IsCustomColor":false,"CustomColorIndex":0,"Size":{"x":1,"y":1},"IsSplit":false,"ActivityType":0,"HitPosition":{"x":0,"y":0},"HitChangeType":0},{"BrickID":1,"BrickType":1,"ShapeType":1,"AttributeType":0,"BrickToolType":1,"LockType":0,"ButterTimes":1,"ExtraAttributes":"","BreakTime":{"x":30,"y":0},"IsMovable":false,"MovePosition":0.0,"IsCustomColor":false,"CustomColorIndex":0,"Size":{"x":1,"y":1},"IsSplit":false,"ActivityType":0,"HitPosition":{"x":0,"y":0},"HitChangeType":0},{"BrickID":1,"BrickType":1,"ShapeType":1,"AttributeType":0,"BrickToolType":1,"LockType":0,"ButterTimes":1,"ExtraAttributes":"","BreakTime":{"x":56,"y":0},"IsMovable":false,"MovePosition":0.0,"IsCustomColor":false,"CustomColorIndex":0,"Size":{"x":1,"y":1},"IsSplit":false,"ActivityType":0,"HitPosition":{"x":0,"y":0},"HitChangeType":0},{"BrickID":1,"BrickType":1,"ShapeType":1,"AttributeType":0,"BrickToolType":1,"LockType":0,"ButterTimes":1,"ExtraAttributes":"","BreakTime":{"x":65,"y":0},"IsMovable":false,"MovePosition":0.0,"IsCustomColor":false,"CustomColorIndex":0,"Size":{"x":1,"y":1},"IsSplit":false,"ActivityType":0,"HitPosition":{"x":0,"y":0},"HitChangeType":0},{"BrickID":0,"BrickType":0,"ShapeType":0,"AttributeType":0,"BrickToolType":0,"LockType":0,"ButterTimes":0,"ExtraAttributes":"","BreakTime":{"x":0,"y":0},"IsMovable":false,"MovePosition":0.0,"IsCustomColor":false,"CustomColorIndex":0,"Size":{"x":0,"y":0},"IsSplit":false,"ActivityType":0,"HitPosition":{"x":0,"y":0},"HitChangeType":0},{"BrickID":0,"BrickType":0,"ShapeType":0,"AttributeType":0,"BrickToolType":0,"LockType":0,"ButterTimes":0,"ExtraAttributes":"","BreakTime":{"x":0,"y":0},"IsMovable":false,"MovePosition":0.0,"IsCustomColor":false,"CustomColorIndex":0,"Size":{"x":0,"y":0},"IsSplit":false,"ActivityType":0,"HitPosition":{"x":0,"y":0},"HitChangeType":0},{"BrickID":0,"BrickType":0,"ShapeType":0,"AttributeType":0,"BrickToolType":0,"LockType":0,"ButterTimes":0,"ExtraAttributes":"","BreakTime":{"x":0,"y":0},"IsMovable":false,"MovePosition":0.0,"IsCustomColor":false,"CustomColorIndex":0,"Size":{"x":0,"y":0},"IsSplit":false,"ActivityType":0,"HitPosition":{"x":0,"y":0},"HitChangeType":0},{"BrickID":1,"BrickType":25,"ShapeType":1,"AttributeType":0,"BrickToolType":1,"LockType":0,"ButterTimes":1,"ExtraAttributes":"","BreakTime":{"x":66,"y":0},"IsMovable":false,"MovePosition":0.0,"IsCustomColor":false,"CustomColorIndex":0,"Size":{"x":1,"y":1},"IsSplit":false,"ActivityType":0,"HitPosition":{"x":0,"y":0},"HitChangeType":0},{"BrickID":1,"BrickType":1,"ShapeType":1,"AttributeType":0,"BrickToolType":1,"LockType":0,"ButterTimes":1,"ExtraAttributes":"","BreakTime":{"x":30,"y":0},"IsMovable":false,"MovePosition":0.0,"IsCustomColor":false,"CustomColorIndex":0,"Size":{"x":1,"y":1},"IsSplit":false,"ActivityType":0,"HitPosition":{"x":0,"y":0},"HitChangeType":0},{"BrickID":1,"BrickType":1,"ShapeType":1,"AttributeType":0,"BrickToolType":1,"LockType":0,"ButterTimes":1,"ExtraAttributes":"","BreakTime":{"x":65,"y":0},"IsMovable":false,"MovePosition":0.0,"IsCustomColor":false,"CustomColorIndex":0,"Size":{"x":1,"y":1},"IsSplit":false,"ActivityType":0,"HitPosition":{"x":0,"y":0},"HitChangeType":0}]}]},"Areas":[],"Row":17,"VisibleRow":16,"Column":13,"Score":[300,5000,7000],"StartPosition":50.0,"ColorRange":{"x":1,"y":9},"ColorTopLimit":{"x":10,"y":120},"ChargeMax":0,"BallCount":50,"Target":[{"x":40,"y":7},{"x":25,"y":17},{"x":27,"y":12}],"Barriers":[],"Rivers":[],"Curtains":[],"CoinCountRange":{"x":0,"y":0},"CoinValueRange":{"x":0,"y":0},"Annotation":"","Difficulty":0}