{"MapID":0,"Bricks":{"list":[{"list":[]},{"list":[]},{"list":[]},{"list":[]},{"list":[]},{"list":[]},{"list":[{"BrickID":1,"BrickType":1,"ShapeType":1,"AttributeType":0,"BrickToolType":1,"LockType":0,"ButterTimes":1,"ExtraAttributes":"","BreakTime":{"x":75,"y":0},"IsMovable":false,"MovePosition":0.0,"IsCustomColor":false,"CustomColorIndex":0,"Size":{"x":1,"y":1},"IsSplit":false,"ActivityType":0,"HitPosition":{"x":0,"y":0},"HitChangeType":0},{"BrickID":1,"BrickType":1,"ShapeType":1,"AttributeType":0,"BrickToolType":1,"LockType":0,"ButterTimes":1,"ExtraAttributes":"","BreakTime":{"x":62,"y":0},"IsMovable":false,"MovePosition":0.0,"IsCustomColor":false,"CustomColorIndex":0,"Size":{"x":1,"y":1},"IsSplit":false,"ActivityType":0,"HitPosition":{"x":0,"y":0},"HitChangeType":0},{"BrickID":1,"BrickType":1,"ShapeType":1,"AttributeType":0,"BrickToolType":1,"LockType":0,"ButterTimes":1,"ExtraAttributes":"","BreakTime":{"x":56,"y":0},"IsMovable":false,"MovePosition":0.0,"IsCustomColor":false,"CustomColorIndex":0,"Size":{"x":1,"y":1},"IsSplit":false,"ActivityType":0,"HitPosition":{"x":0,"y":0},"HitChangeType":0},{"BrickID":1,"BrickType":1,"ShapeType":1,"AttributeType":0,"BrickToolType":1,"LockType":0,"ButterTimes":1,"ExtraAttributes":"","BreakTime":{"x":72,"y":0},"IsMovable":false,"MovePosition":0.0,"IsCustomColor":false,"CustomColorIndex":0,"Size":{"x":1,"y":1},"IsSplit":false,"ActivityType":0,"HitPosition":{"x":0,"y":0},"HitChangeType":0},{"BrickID":0,"BrickType":0,"ShapeType":0,"AttributeType":0,"BrickToolType":0,"LockType":0,"ButterTimes":0,"ExtraAttributes":"","BreakTime":{"x":0,"y":0},"IsMovable":false,"MovePosition":0.0,"IsCustomColor":false,"CustomColorIndex":0,"Size":{"x":0,"y":0},"IsSplit":false,"ActivityType":0,"HitPosition":{"x":0,"y":0},"HitChangeType":0},{"BrickID":1,"BrickType":1,"ShapeType":1,"AttributeType":0,"BrickToolType":1,"LockType":0,"ButterTimes":1,"ExtraAttributes":"","BreakTime":{"x":68,"y":0},"IsMovable":false,"MovePosition":0.0,"IsCustomColor":false,"CustomColorIndex":0,"Size":{"x":1,"y":1},"IsSplit":false,"ActivityType":0,"HitPosition":{"x":0,"y":0},"HitChangeType":0},{"BrickID":0,"BrickType":0,"ShapeType":0,"AttributeType":0,"BrickToolType":0,"LockType":0,"ButterTimes":0,"ExtraAttributes":"","BreakTime":{"x":0,"y":0},"IsMovable":false,"MovePosition":0.0,"IsCustomColor":false,"CustomColorIndex":0,"Size":{"x":0,"y":0},"IsSplit":false,"ActivityType":0,"HitPosition":{"x":0,"y":0},"HitChangeType":0},{"BrickID":1,"BrickType":1,"ShapeType":1,"AttributeType":0,"BrickToolType":1,"LockType":0,"ButterTimes":1,"ExtraAttributes":"","BreakTime":{"x":68,"y":0},"IsMovable":false,"MovePosition":0.0,"IsCustomColor":false,"CustomColorIndex":0,"Size":{"x":1,"y":1},"IsSplit":false,"ActivityType":0,"HitPosition":{"x":0,"y":0},"HitChangeType":0},{"BrickID":0,"BrickType":0,"ShapeType":0,"AttributeType":0,"BrickToolType":0,"LockType":0,"ButterTimes":0,"ExtraAttributes":"","BreakTime":{"x":0,"y":0},"IsMovable":false,"MovePosition":0.0,"IsCustomColor":false,"CustomColorIndex":0,"Size":{"x":0,"y":0},"IsSplit":false,"ActivityType":0,"HitPosition":{"x":0,"y":0},"HitChangeType":0},{"BrickID":1,"BrickType":1,"ShapeType":1,"AttributeType":0,"BrickToolType":1,"LockType":0,"ButterTimes":1,"ExtraAttributes":"","BreakTime":{"x":72,"y":0},"IsMovable":false,"MovePosition":0.0,"IsCustomColor":false,"CustomColorIndex":0,"Size":{"x":1,"y":1},"IsSplit":false,"ActivityType":0,"HitPosition":{"x":0,"y":0},"HitChangeType":0},{"BrickID":1,"BrickType":1,"ShapeType":1,"AttributeType":0,"BrickToolType":1,"LockType":0,"ButterTimes":1,"ExtraAttributes":"","BreakTime":{"x":56,"y":0},"IsMovable":false,"MovePosition":0.0,"IsCustomColor":false,"CustomColorIndex":0,"Size":{"x":1,"y":1},"IsSplit":false,"ActivityType":0,"HitPosition":{"x":0,"y":0},"HitChangeType":0},{"BrickID":1,"BrickType":1,"ShapeType":1,"AttributeType":0,"BrickToolType":1,"LockType":0,"ButterTimes":1,"ExtraAttributes":"","BreakTime":{"x":62,"y":0},"IsMovable":false,"MovePosition":0.0,"IsCustomColor":false,"CustomColorIndex":0,"Size":{"x":1,"y":1},"IsSplit":false,"ActivityType":0,"HitPosition":{"x":0,"y":0},"HitChangeType":0},{"BrickID":1,"BrickType":1,"ShapeType":1,"AttributeType":0,"BrickToolType":1,"LockType":0,"ButterTimes":1,"ExtraAttributes":"","BreakTime":{"x":75,"y":0},"IsMovable":false,"MovePosition":0.0,"IsCustomColor":false,"CustomColorIndex":0,"Size":{"x":1,"y":1},"IsSplit":false,"ActivityType":0,"HitPosition":{"x":0,"y":0},"HitChangeType":0}]},{"list":[{"BrickID":1,"BrickType":41,"ShapeType":1,"AttributeType":0,"BrickToolType":1,"LockType":0,"ButterTimes":1,"ExtraAttributes":"","BreakTime":{"x":53,"y":0},"IsMovable":false,"MovePosition":0.0,"IsCustomColor":false,"CustomColorIndex":0,"Size":{"x":1,"y":1},"IsSplit":false,"ActivityType":0,"HitPosition":{"x":0,"y":0},"HitChangeType":0},{"BrickID":1,"BrickType":44,"ShapeType":1,"AttributeType":0,"BrickToolType":1,"LockType":0,"ButterTimes":1,"ExtraAttributes":"5;5;2;2;15","BreakTime":{"x":1,"y":0},"IsMovable":false,"MovePosition":0.0,"IsCustomColor":false,"CustomColorIndex":0,"Size":{"x":1,"y":1},"IsSplit":false,"ActivityType":0,"HitPosition":{"x":0,"y":0},"HitChangeType":0},{"BrickID":0,"BrickType":0,"ShapeType":0,"AttributeType":0,"BrickToolType":0,"LockType":0,"ButterTimes":0,"ExtraAttributes":"","BreakTime":{"x":0,"y":0},"IsMovable":false,"MovePosition":0.0,"IsCustomColor":false,"CustomColorIndex":0,"Size":{"x":0,"y":0},"IsSplit":false,"ActivityType":0,"HitPosition":{"x":0,"y":0},"HitChangeType":0},{"BrickID":1,"BrickType":44,"ShapeType":1,"AttributeType":0,"BrickToolType":1,"LockType":0,"ButterTimes":1,"ExtraAttributes":"15;25;10;15;30","BreakTime":{"x":1,"y":0},"IsMovable":false,"MovePosition":0.0,"IsCustomColor":false,"CustomColorIndex":0,"Size":{"x":1,"y":1},"IsSplit":false,"ActivityType":0,"HitPosition":{"x":0,"y":0},"HitChangeType":0},{"BrickID":0,"BrickType":0,"ShapeType":0,"AttributeType":0,"BrickToolType":0,"LockType":0,"ButterTimes":0,"ExtraAttributes":"","BreakTime":{"x":0,"y":0},"IsMovable":false,"MovePosition":0.0,"IsCustomColor":false,"CustomColorIndex":0,"Size":{"x":0,"y":0},"IsSplit":false,"ActivityType":0,"HitPosition":{"x":0,"y":0},"HitChangeType":0},{"BrickID":1,"BrickType":44,"ShapeType":1,"AttributeType":0,"BrickToolType":1,"LockType":0,"ButterTimes":1,"ExtraAttributes":"5;5;2;2;15","BreakTime":{"x":1,"y":0},"IsMovable":false,"MovePosition":0.0,"IsCustomColor":false,"CustomColorIndex":0,"Size":{"x":1,"y":1},"IsSplit":false,"ActivityType":0,"HitPosition":{"x":0,"y":0},"HitChangeType":0},{"BrickID":1,"BrickType":10,"ShapeType":1,"AttributeType":0,"BrickToolType":1,"LockType":0,"ButterTimes":1,"ExtraAttributes":"","BreakTime":{"x":50,"y":0},"IsMovable":false,"MovePosition":0.0,"IsCustomColor":false,"CustomColorIndex":0,"Size":{"x":1,"y":1},"IsSplit":false,"ActivityType":0,"HitPosition":{"x":0,"y":0},"HitChangeType":0},{"BrickID":1,"BrickType":44,"ShapeType":1,"AttributeType":0,"BrickToolType":1,"LockType":0,"ButterTimes":1,"ExtraAttributes":"5;5;2;2;15","BreakTime":{"x":1,"y":0},"IsMovable":false,"MovePosition":0.0,"IsCustomColor":false,"CustomColorIndex":0,"Size":{"x":1,"y":1},"IsSplit":false,"ActivityType":0,"HitPosition":{"x":0,"y":0},"HitChangeType":0},{"BrickID":0,"BrickType":0,"ShapeType":0,"AttributeType":0,"BrickToolType":0,"LockType":0,"ButterTimes":0,"ExtraAttributes":"","BreakTime":{"x":0,"y":0},"IsMovable":false,"MovePosition":0.0,"IsCustomColor":false,"CustomColorIndex":0,"Size":{"x":0,"y":0},"IsSplit":false,"ActivityType":0,"HitPosition":{"x":0,"y":0},"HitChangeType":0},{"BrickID":1,"BrickType":44,"ShapeType":1,"AttributeType":0,"BrickToolType":1,"LockType":0,"ButterTimes":1,"ExtraAttributes":"15;25;10;15;30","BreakTime":{"x":1,"y":0},"IsMovable":false,"MovePosition":0.0,"IsCustomColor":false,"CustomColorIndex":0,"Size":{"x":1,"y":1},"IsSplit":false,"ActivityType":0,"HitPosition":{"x":0,"y":0},"HitChangeType":0},{"BrickID":0,"BrickType":0,"ShapeType":0,"AttributeType":0,"BrickToolType":0,"LockType":0,"ButterTimes":0,"ExtraAttributes":"","BreakTime":{"x":0,"y":0},"IsMovable":false,"MovePosition":0.0,"IsCustomColor":false,"CustomColorIndex":0,"Size":{"x":0,"y":0},"IsSplit":false,"ActivityType":0,"HitPosition":{"x":0,"y":0},"HitChangeType":0},{"BrickID":1,"BrickType":44,"ShapeType":1,"AttributeType":0,"BrickToolType":1,"LockType":0,"ButterTimes":1,"ExtraAttributes":"5;5;2;2;15","BreakTime":{"x":1,"y":0},"IsMovable":false,"MovePosition":0.0,"IsCustomColor":false,"CustomColorIndex":0,"Size":{"x":1,"y":1},"IsSplit":false,"ActivityType":0,"HitPosition":{"x":0,"y":0},"HitChangeType":0},{"BrickID":1,"BrickType":41,"ShapeType":1,"AttributeType":0,"BrickToolType":1,"LockType":0,"ButterTimes":1,"ExtraAttributes":"","BreakTime":{"x":53,"y":0},"IsMovable":false,"MovePosition":0.0,"IsCustomColor":false,"CustomColorIndex":0,"Size":{"x":1,"y":1},"IsSplit":false,"ActivityType":0,"HitPosition":{"x":0,"y":0},"HitChangeType":0}]},{"list":[{"BrickID":1,"BrickType":41,"ShapeType":1,"AttributeType":0,"BrickToolType":1,"LockType":0,"ButterTimes":1,"ExtraAttributes":"","BreakTime":{"x":53,"y":0},"IsMovable":false,"MovePosition":0.0,"IsCustomColor":false,"CustomColorIndex":0,"Size":{"x":1,"y":1},"IsSplit":false,"ActivityType":0,"HitPosition":{"x":0,"y":0},"HitChangeType":0},{"BrickID":1,"BrickType":44,"ShapeType":1,"AttributeType":0,"BrickToolType":1,"LockType":0,"ButterTimes":1,"ExtraAttributes":"5;5;2;2;15","BreakTime":{"x":1,"y":0},"IsMovable":false,"MovePosition":0.0,"IsCustomColor":false,"CustomColorIndex":0,"Size":{"x":1,"y":1},"IsSplit":false,"ActivityType":0,"HitPosition":{"x":0,"y":0},"HitChangeType":0},{"BrickID":1,"BrickType":10,"ShapeType":1,"AttributeType":0,"BrickToolType":1,"LockType":0,"ButterTimes":1,"ExtraAttributes":"","BreakTime":{"x":50,"y":0},"IsMovable":false,"MovePosition":0.0,"IsCustomColor":false,"CustomColorIndex":0,"Size":{"x":1,"y":1},"IsSplit":false,"ActivityType":0,"HitPosition":{"x":0,"y":0},"HitChangeType":0},{"BrickID":1,"BrickType":44,"ShapeType":1,"AttributeType":0,"BrickToolType":1,"LockType":0,"ButterTimes":1,"ExtraAttributes":"15;25;10;15;30","BreakTime":{"x":1,"y":0},"IsMovable":false,"MovePosition":0.0,"IsCustomColor":false,"CustomColorIndex":0,"Size":{"x":1,"y":1},"IsSplit":false,"ActivityType":0,"HitPosition":{"x":0,"y":0},"HitChangeType":0},{"BrickID":0,"BrickType":0,"ShapeType":0,"AttributeType":0,"BrickToolType":0,"LockType":0,"ButterTimes":0,"ExtraAttributes":"","BreakTime":{"x":0,"y":0},"IsMovable":false,"MovePosition":0.0,"IsCustomColor":false,"CustomColorIndex":0,"Size":{"x":0,"y":0},"IsSplit":false,"ActivityType":0,"HitPosition":{"x":0,"y":0},"HitChangeType":0},{"BrickID":1,"BrickType":44,"ShapeType":1,"AttributeType":0,"BrickToolType":1,"LockType":0,"ButterTimes":1,"ExtraAttributes":"5;5;2;2;15","BreakTime":{"x":1,"y":0},"IsMovable":false,"MovePosition":0.0,"IsCustomColor":false,"CustomColorIndex":0,"Size":{"x":1,"y":1},"IsSplit":false,"ActivityType":0,"HitPosition":{"x":0,"y":0},"HitChangeType":0},{"BrickID":0,"BrickType":0,"ShapeType":0,"AttributeType":0,"BrickToolType":0,"LockType":0,"ButterTimes":0,"ExtraAttributes":"","BreakTime":{"x":0,"y":0},"IsMovable":false,"MovePosition":0.0,"IsCustomColor":false,"CustomColorIndex":0,"Size":{"x":0,"y":0},"IsSplit":false,"ActivityType":0,"HitPosition":{"x":0,"y":0},"HitChangeType":0},{"BrickID":1,"BrickType":44,"ShapeType":1,"AttributeType":0,"BrickToolType":1,"LockType":0,"ButterTimes":1,"ExtraAttributes":"5;5;2;2;15","BreakTime":{"x":1,"y":0},"IsMovable":false,"MovePosition":0.0,"IsCustomColor":false,"CustomColorIndex":0,"Size":{"x":1,"y":1},"IsSplit":false,"ActivityType":0,"HitPosition":{"x":0,"y":0},"HitChangeType":0},{"BrickID":0,"BrickType":0,"ShapeType":0,"AttributeType":0,"BrickToolType":0,"LockType":0,"ButterTimes":0,"ExtraAttributes":"","BreakTime":{"x":0,"y":0},"IsMovable":false,"MovePosition":0.0,"IsCustomColor":false,"CustomColorIndex":0,"Size":{"x":0,"y":0},"IsSplit":false,"ActivityType":0,"HitPosition":{"x":0,"y":0},"HitChangeType":0},{"BrickID":1,"BrickType":44,"ShapeType":1,"AttributeType":0,"BrickToolType":1,"LockType":0,"ButterTimes":1,"ExtraAttributes":"15;25;10;15;30","BreakTime":{"x":1,"y":0},"IsMovable":false,"MovePosition":0.0,"IsCustomColor":false,"CustomColorIndex":0,"Size":{"x":1,"y":1},"IsSplit":false,"ActivityType":0,"HitPosition":{"x":0,"y":0},"HitChangeType":0},{"BrickID":1,"BrickType":10,"ShapeType":1,"AttributeType":0,"BrickToolType":1,"LockType":0,"ButterTimes":1,"ExtraAttributes":"","BreakTime":{"x":50,"y":0},"IsMovable":false,"MovePosition":0.0,"IsCustomColor":false,"CustomColorIndex":0,"Size":{"x":1,"y":1},"IsSplit":false,"ActivityType":0,"HitPosition":{"x":0,"y":0},"HitChangeType":0},{"BrickID":1,"BrickType":44,"ShapeType":1,"AttributeType":0,"BrickToolType":1,"LockType":0,"ButterTimes":1,"ExtraAttributes":"5;5;2;2;15","BreakTime":{"x":1,"y":0},"IsMovable":false,"MovePosition":0.0,"IsCustomColor":false,"CustomColorIndex":0,"Size":{"x":1,"y":1},"IsSplit":false,"ActivityType":0,"HitPosition":{"x":0,"y":0},"HitChangeType":0},{"BrickID":1,"BrickType":41,"ShapeType":1,"AttributeType":0,"BrickToolType":1,"LockType":0,"ButterTimes":1,"ExtraAttributes":"","BreakTime":{"x":53,"y":0},"IsMovable":false,"MovePosition":0.0,"IsCustomColor":false,"CustomColorIndex":0,"Size":{"x":1,"y":1},"IsSplit":false,"ActivityType":0,"HitPosition":{"x":0,"y":0},"HitChangeType":0}]},{"list":[{"BrickID":1,"BrickType":41,"ShapeType":1,"AttributeType":0,"BrickToolType":1,"LockType":0,"ButterTimes":1,"ExtraAttributes":"","BreakTime":{"x":53,"y":0},"IsMovable":false,"MovePosition":0.0,"IsCustomColor":false,"CustomColorIndex":0,"Size":{"x":1,"y":1},"IsSplit":false,"ActivityType":0,"HitPosition":{"x":0,"y":0},"HitChangeType":0},{"BrickID":1,"BrickType":44,"ShapeType":1,"AttributeType":0,"BrickToolType":1,"LockType":0,"ButterTimes":1,"ExtraAttributes":"5;5;2;2;15","BreakTime":{"x":1,"y":0},"IsMovable":false,"MovePosition":0.0,"IsCustomColor":false,"CustomColorIndex":0,"Size":{"x":1,"y":1},"IsSplit":false,"ActivityType":0,"HitPosition":{"x":0,"y":0},"HitChangeType":0},{"BrickID":1,"BrickType":10,"ShapeType":1,"AttributeType":0,"BrickToolType":1,"LockType":0,"ButterTimes":1,"ExtraAttributes":"","BreakTime":{"x":50,"y":0},"IsMovable":false,"MovePosition":0.0,"IsCustomColor":false,"CustomColorIndex":0,"Size":{"x":1,"y":1},"IsSplit":false,"ActivityType":0,"HitPosition":{"x":0,"y":0},"HitChangeType":0},{"BrickID":1,"BrickType":44,"ShapeType":1,"AttributeType":0,"BrickToolType":1,"LockType":0,"ButterTimes":1,"ExtraAttributes":"15;25;10;15;30","BreakTime":{"x":1,"y":0},"IsMovable":false,"MovePosition":0.0,"IsCustomColor":false,"CustomColorIndex":0,"Size":{"x":1,"y":1},"IsSplit":false,"ActivityType":0,"HitPosition":{"x":0,"y":0},"HitChangeType":0},{"BrickID":0,"BrickType":0,"ShapeType":0,"AttributeType":0,"BrickToolType":0,"LockType":0,"ButterTimes":0,"ExtraAttributes":"","BreakTime":{"x":0,"y":0},"IsMovable":false,"MovePosition":0.0,"IsCustomColor":false,"CustomColorIndex":0,"Size":{"x":0,"y":0},"IsSplit":false,"ActivityType":0,"HitPosition":{"x":0,"y":0},"HitChangeType":0},{"BrickID":1,"BrickType":44,"ShapeType":1,"AttributeType":0,"BrickToolType":1,"LockType":0,"ButterTimes":1,"ExtraAttributes":"15;25;10;15;30","BreakTime":{"x":1,"y":0},"IsMovable":false,"MovePosition":0.0,"IsCustomColor":false,"CustomColorIndex":0,"Size":{"x":1,"y":1},"IsSplit":false,"ActivityType":0,"HitPosition":{"x":0,"y":0},"HitChangeType":0},{"BrickID":0,"BrickType":0,"ShapeType":0,"AttributeType":0,"BrickToolType":0,"LockType":0,"ButterTimes":0,"ExtraAttributes":"","BreakTime":{"x":0,"y":0},"IsMovable":false,"MovePosition":0.0,"IsCustomColor":false,"CustomColorIndex":0,"Size":{"x":0,"y":0},"IsSplit":false,"ActivityType":0,"HitPosition":{"x":0,"y":0},"HitChangeType":0},{"BrickID":1,"BrickType":44,"ShapeType":1,"AttributeType":0,"BrickToolType":1,"LockType":0,"ButterTimes":1,"ExtraAttributes":"15;25;10;15;30","BreakTime":{"x":1,"y":0},"IsMovable":false,"MovePosition":0.0,"IsCustomColor":false,"CustomColorIndex":0,"Size":{"x":1,"y":1},"IsSplit":false,"ActivityType":0,"HitPosition":{"x":0,"y":0},"HitChangeType":0},{"BrickID":0,"BrickType":0,"ShapeType":0,"AttributeType":0,"BrickToolType":0,"LockType":0,"ButterTimes":0,"ExtraAttributes":"","BreakTime":{"x":0,"y":0},"IsMovable":false,"MovePosition":0.0,"IsCustomColor":false,"CustomColorIndex":0,"Size":{"x":0,"y":0},"IsSplit":false,"ActivityType":0,"HitPosition":{"x":0,"y":0},"HitChangeType":0},{"BrickID":1,"BrickType":44,"ShapeType":1,"AttributeType":0,"BrickToolType":1,"LockType":0,"ButterTimes":1,"ExtraAttributes":"15;25;10;15;30","BreakTime":{"x":1,"y":0},"IsMovable":false,"MovePosition":0.0,"IsCustomColor":false,"CustomColorIndex":0,"Size":{"x":1,"y":1},"IsSplit":false,"ActivityType":0,"HitPosition":{"x":0,"y":0},"HitChangeType":0},{"BrickID":1,"BrickType":10,"ShapeType":1,"AttributeType":0,"BrickToolType":1,"LockType":0,"ButterTimes":1,"ExtraAttributes":"","BreakTime":{"x":50,"y":0},"IsMovable":false,"MovePosition":0.0,"IsCustomColor":false,"CustomColorIndex":0,"Size":{"x":1,"y":1},"IsSplit":false,"ActivityType":0,"HitPosition":{"x":0,"y":0},"HitChangeType":0},{"BrickID":1,"BrickType":44,"ShapeType":1,"AttributeType":0,"BrickToolType":1,"LockType":0,"ButterTimes":1,"ExtraAttributes":"5;5;2;2;15","BreakTime":{"x":1,"y":0},"IsMovable":false,"MovePosition":0.0,"IsCustomColor":false,"CustomColorIndex":0,"Size":{"x":1,"y":1},"IsSplit":false,"ActivityType":0,"HitPosition":{"x":0,"y":0},"HitChangeType":0},{"BrickID":1,"BrickType":41,"ShapeType":1,"AttributeType":0,"BrickToolType":1,"LockType":0,"ButterTimes":1,"ExtraAttributes":"","BreakTime":{"x":53,"y":0},"IsMovable":false,"MovePosition":0.0,"IsCustomColor":false,"CustomColorIndex":0,"Size":{"x":1,"y":1},"IsSplit":false,"ActivityType":0,"HitPosition":{"x":0,"y":0},"HitChangeType":0}]},{"list":[{"BrickID":1,"BrickType":1,"ShapeType":1,"AttributeType":0,"BrickToolType":1,"LockType":0,"ButterTimes":1,"ExtraAttributes":"","BreakTime":{"x":66,"y":0},"IsMovable":false,"MovePosition":0.0,"IsCustomColor":false,"CustomColorIndex":0,"Size":{"x":1,"y":1},"IsSplit":false,"ActivityType":0,"HitPosition":{"x":0,"y":0},"HitChangeType":0},{"BrickID":1,"BrickType":44,"ShapeType":1,"AttributeType":0,"BrickToolType":1,"LockType":0,"ButterTimes":1,"ExtraAttributes":"5;5;2;2;15","BreakTime":{"x":1,"y":0},"IsMovable":false,"MovePosition":0.0,"IsCustomColor":false,"CustomColorIndex":0,"Size":{"x":1,"y":1},"IsSplit":false,"ActivityType":0,"HitPosition":{"x":0,"y":0},"HitChangeType":0},{"BrickID":1,"BrickType":10,"ShapeType":1,"AttributeType":0,"BrickToolType":1,"LockType":0,"ButterTimes":1,"ExtraAttributes":"","BreakTime":{"x":50,"y":0},"IsMovable":false,"MovePosition":0.0,"IsCustomColor":false,"CustomColorIndex":0,"Size":{"x":1,"y":1},"IsSplit":false,"ActivityType":0,"HitPosition":{"x":0,"y":0},"HitChangeType":0},{"BrickID":1,"BrickType":44,"ShapeType":1,"AttributeType":0,"BrickToolType":1,"LockType":0,"ButterTimes":1,"ExtraAttributes":"5;5;2;2;15","BreakTime":{"x":1,"y":0},"IsMovable":false,"MovePosition":0.0,"IsCustomColor":false,"CustomColorIndex":0,"Size":{"x":1,"y":1},"IsSplit":false,"ActivityType":0,"HitPosition":{"x":0,"y":0},"HitChangeType":0},{"BrickID":1,"BrickType":2,"ShapeType":1,"AttributeType":0,"BrickToolType":1,"LockType":0,"ButterTimes":0,"ExtraAttributes":"1;0","BreakTime":{"x":0,"y":0},"IsMovable":false,"MovePosition":0.0,"IsCustomColor":false,"CustomColorIndex":0,"Size":{"x":1,"y":1},"IsSplit":false,"ActivityType":0,"HitPosition":{"x":0,"y":0},"HitChangeType":0},{"BrickID":1,"BrickType":44,"ShapeType":1,"AttributeType":0,"BrickToolType":1,"LockType":0,"ButterTimes":1,"ExtraAttributes":"15;25;10;15;30","BreakTime":{"x":1,"y":0},"IsMovable":false,"MovePosition":0.0,"IsCustomColor":false,"CustomColorIndex":0,"Size":{"x":1,"y":1},"IsSplit":false,"ActivityType":0,"HitPosition":{"x":0,"y":0},"HitChangeType":0},{"BrickID":0,"BrickType":0,"ShapeType":0,"AttributeType":0,"BrickToolType":0,"LockType":0,"ButterTimes":0,"ExtraAttributes":"","BreakTime":{"x":0,"y":0},"IsMovable":false,"MovePosition":0.0,"IsCustomColor":false,"CustomColorIndex":0,"Size":{"x":0,"y":0},"IsSplit":false,"ActivityType":0,"HitPosition":{"x":0,"y":0},"HitChangeType":0},{"BrickID":1,"BrickType":44,"ShapeType":1,"AttributeType":0,"BrickToolType":1,"LockType":0,"ButterTimes":1,"ExtraAttributes":"15;25;10;15;30","BreakTime":{"x":1,"y":0},"IsMovable":false,"MovePosition":0.0,"IsCustomColor":false,"CustomColorIndex":0,"Size":{"x":1,"y":1},"IsSplit":false,"ActivityType":0,"HitPosition":{"x":0,"y":0},"HitChangeType":0},{"BrickID":1,"BrickType":2,"ShapeType":1,"AttributeType":0,"BrickToolType":1,"LockType":0,"ButterTimes":0,"ExtraAttributes":"1;0","BreakTime":{"x":0,"y":0},"IsMovable":false,"MovePosition":0.0,"IsCustomColor":false,"CustomColorIndex":0,"Size":{"x":1,"y":1},"IsSplit":false,"ActivityType":0,"HitPosition":{"x":0,"y":0},"HitChangeType":0},{"BrickID":1,"BrickType":44,"ShapeType":1,"AttributeType":0,"BrickToolType":1,"LockType":0,"ButterTimes":1,"ExtraAttributes":"5;5;2;2;15","BreakTime":{"x":1,"y":0},"IsMovable":false,"MovePosition":0.0,"IsCustomColor":false,"CustomColorIndex":0,"Size":{"x":1,"y":1},"IsSplit":false,"ActivityType":0,"HitPosition":{"x":0,"y":0},"HitChangeType":0},{"BrickID":1,"BrickType":10,"ShapeType":1,"AttributeType":0,"BrickToolType":1,"LockType":0,"ButterTimes":1,"ExtraAttributes":"","BreakTime":{"x":50,"y":0},"IsMovable":false,"MovePosition":0.0,"IsCustomColor":false,"CustomColorIndex":0,"Size":{"x":1,"y":1},"IsSplit":false,"ActivityType":0,"HitPosition":{"x":0,"y":0},"HitChangeType":0},{"BrickID":1,"BrickType":44,"ShapeType":1,"AttributeType":0,"BrickToolType":1,"LockType":0,"ButterTimes":1,"ExtraAttributes":"5;5;2;2;15","BreakTime":{"x":1,"y":0},"IsMovable":false,"MovePosition":0.0,"IsCustomColor":false,"CustomColorIndex":0,"Size":{"x":1,"y":1},"IsSplit":false,"ActivityType":0,"HitPosition":{"x":0,"y":0},"HitChangeType":0},{"BrickID":1,"BrickType":1,"ShapeType":1,"AttributeType":0,"BrickToolType":1,"LockType":0,"ButterTimes":1,"ExtraAttributes":"","BreakTime":{"x":66,"y":0},"IsMovable":false,"MovePosition":0.0,"IsCustomColor":false,"CustomColorIndex":0,"Size":{"x":1,"y":1},"IsSplit":false,"ActivityType":0,"HitPosition":{"x":0,"y":0},"HitChangeType":0}]},{"list":[{"BrickID":1,"BrickType":1,"ShapeType":1,"AttributeType":0,"BrickToolType":1,"LockType":0,"ButterTimes":1,"ExtraAttributes":"","BreakTime":{"x":58,"y":0},"IsMovable":false,"MovePosition":0.0,"IsCustomColor":false,"CustomColorIndex":0,"Size":{"x":1,"y":1},"IsSplit":false,"ActivityType":0,"HitPosition":{"x":0,"y":0},"HitChangeType":0},{"BrickID":0,"BrickType":0,"ShapeType":0,"AttributeType":0,"BrickToolType":0,"LockType":0,"ButterTimes":0,"ExtraAttributes":"","BreakTime":{"x":0,"y":0},"IsMovable":false,"MovePosition":0.0,"IsCustomColor":false,"CustomColorIndex":0,"Size":{"x":0,"y":0},"IsSplit":false,"ActivityType":0,"HitPosition":{"x":0,"y":0},"HitChangeType":0},{"BrickID":1,"BrickType":10,"ShapeType":1,"AttributeType":0,"BrickToolType":1,"LockType":0,"ButterTimes":1,"ExtraAttributes":"","BreakTime":{"x":50,"y":0},"IsMovable":false,"MovePosition":0.0,"IsCustomColor":false,"CustomColorIndex":0,"Size":{"x":1,"y":1},"IsSplit":false,"ActivityType":0,"HitPosition":{"x":0,"y":0},"HitChangeType":0},{"BrickID":1,"BrickType":44,"ShapeType":1,"AttributeType":0,"BrickToolType":1,"LockType":0,"ButterTimes":1,"ExtraAttributes":"5;5;2;2;15","BreakTime":{"x":1,"y":0},"IsMovable":false,"MovePosition":0.0,"IsCustomColor":false,"CustomColorIndex":0,"Size":{"x":1,"y":1},"IsSplit":false,"ActivityType":0,"HitPosition":{"x":0,"y":0},"HitChangeType":0},{"BrickID":0,"BrickType":0,"ShapeType":0,"AttributeType":0,"BrickToolType":0,"LockType":0,"ButterTimes":0,"ExtraAttributes":"","BreakTime":{"x":0,"y":0},"IsMovable":false,"MovePosition":0.0,"IsCustomColor":false,"CustomColorIndex":0,"Size":{"x":0,"y":0},"IsSplit":false,"ActivityType":0,"HitPosition":{"x":0,"y":0},"HitChangeType":0},{"BrickID":1,"BrickType":1,"ShapeType":1,"AttributeType":0,"BrickToolType":1,"LockType":0,"ButterTimes":1,"ExtraAttributes":"","BreakTime":{"x":83,"y":0},"IsMovable":false,"MovePosition":0.0,"IsCustomColor":false,"CustomColorIndex":0,"Size":{"x":1,"y":1},"IsSplit":false,"ActivityType":0,"HitPosition":{"x":0,"y":0},"HitChangeType":0},{"BrickID":0,"BrickType":0,"ShapeType":0,"AttributeType":0,"BrickToolType":0,"LockType":0,"ButterTimes":0,"ExtraAttributes":"","BreakTime":{"x":0,"y":0},"IsMovable":false,"MovePosition":0.0,"IsCustomColor":false,"CustomColorIndex":0,"Size":{"x":0,"y":0},"IsSplit":false,"ActivityType":0,"HitPosition":{"x":0,"y":0},"HitChangeType":0},{"BrickID":1,"BrickType":1,"ShapeType":1,"AttributeType":0,"BrickToolType":1,"LockType":0,"ButterTimes":1,"ExtraAttributes":"","BreakTime":{"x":83,"y":0},"IsMovable":false,"MovePosition":0.0,"IsCustomColor":false,"CustomColorIndex":0,"Size":{"x":1,"y":1},"IsSplit":false,"ActivityType":0,"HitPosition":{"x":0,"y":0},"HitChangeType":0},{"BrickID":0,"BrickType":0,"ShapeType":0,"AttributeType":0,"BrickToolType":0,"LockType":0,"ButterTimes":0,"ExtraAttributes":"","BreakTime":{"x":0,"y":0},"IsMovable":false,"MovePosition":0.0,"IsCustomColor":false,"CustomColorIndex":0,"Size":{"x":0,"y":0},"IsSplit":false,"ActivityType":0,"HitPosition":{"x":0,"y":0},"HitChangeType":0},{"BrickID":1,"BrickType":44,"ShapeType":1,"AttributeType":0,"BrickToolType":1,"LockType":0,"ButterTimes":1,"ExtraAttributes":"5;5;2;2;15","BreakTime":{"x":1,"y":0},"IsMovable":false,"MovePosition":0.0,"IsCustomColor":false,"CustomColorIndex":0,"Size":{"x":1,"y":1},"IsSplit":false,"ActivityType":0,"HitPosition":{"x":0,"y":0},"HitChangeType":0},{"BrickID":1,"BrickType":10,"ShapeType":1,"AttributeType":0,"BrickToolType":1,"LockType":0,"ButterTimes":1,"ExtraAttributes":"","BreakTime":{"x":50,"y":0},"IsMovable":false,"MovePosition":0.0,"IsCustomColor":false,"CustomColorIndex":0,"Size":{"x":1,"y":1},"IsSplit":false,"ActivityType":0,"HitPosition":{"x":0,"y":0},"HitChangeType":0},{"BrickID":0,"BrickType":0,"ShapeType":0,"AttributeType":0,"BrickToolType":0,"LockType":0,"ButterTimes":0,"ExtraAttributes":"","BreakTime":{"x":0,"y":0},"IsMovable":false,"MovePosition":0.0,"IsCustomColor":false,"CustomColorIndex":0,"Size":{"x":0,"y":0},"IsSplit":false,"ActivityType":0,"HitPosition":{"x":0,"y":0},"HitChangeType":0},{"BrickID":1,"BrickType":1,"ShapeType":1,"AttributeType":0,"BrickToolType":1,"LockType":0,"ButterTimes":1,"ExtraAttributes":"","BreakTime":{"x":58,"y":0},"IsMovable":false,"MovePosition":0.0,"IsCustomColor":false,"CustomColorIndex":0,"Size":{"x":1,"y":1},"IsSplit":false,"ActivityType":0,"HitPosition":{"x":0,"y":0},"HitChangeType":0}]},{"list":[{"BrickID":1,"BrickType":1,"ShapeType":1,"AttributeType":0,"BrickToolType":1,"LockType":0,"ButterTimes":1,"ExtraAttributes":"","BreakTime":{"x":76,"y":0},"IsMovable":false,"MovePosition":0.0,"IsCustomColor":false,"CustomColorIndex":0,"Size":{"x":1,"y":1},"IsSplit":false,"ActivityType":0,"HitPosition":{"x":0,"y":0},"HitChangeType":0},{"BrickID":0,"BrickType":0,"ShapeType":0,"AttributeType":0,"BrickToolType":0,"LockType":0,"ButterTimes":0,"ExtraAttributes":"","BreakTime":{"x":0,"y":0},"IsMovable":false,"MovePosition":0.0,"IsCustomColor":false,"CustomColorIndex":0,"Size":{"x":0,"y":0},"IsSplit":false,"ActivityType":0,"HitPosition":{"x":0,"y":0},"HitChangeType":0},{"BrickID":1,"BrickType":10,"ShapeType":1,"AttributeType":0,"BrickToolType":1,"LockType":0,"ButterTimes":1,"ExtraAttributes":"","BreakTime":{"x":50,"y":0},"IsMovable":false,"MovePosition":0.0,"IsCustomColor":false,"CustomColorIndex":0,"Size":{"x":1,"y":1},"IsSplit":false,"ActivityType":0,"HitPosition":{"x":0,"y":0},"HitChangeType":0},{"BrickID":1,"BrickType":1,"ShapeType":1,"AttributeType":0,"BrickToolType":1,"LockType":0,"ButterTimes":1,"ExtraAttributes":"","BreakTime":{"x":66,"y":0},"IsMovable":false,"MovePosition":0.0,"IsCustomColor":false,"CustomColorIndex":0,"Size":{"x":1,"y":1},"IsSplit":false,"ActivityType":0,"HitPosition":{"x":0,"y":0},"HitChangeType":0},{"BrickID":0,"BrickType":0,"ShapeType":0,"AttributeType":0,"BrickToolType":0,"LockType":0,"ButterTimes":0,"ExtraAttributes":"","BreakTime":{"x":0,"y":0},"IsMovable":false,"MovePosition":0.0,"IsCustomColor":false,"CustomColorIndex":0,"Size":{"x":0,"y":0},"IsSplit":false,"ActivityType":0,"HitPosition":{"x":0,"y":0},"HitChangeType":0},{"BrickID":1,"BrickType":1,"ShapeType":1,"AttributeType":0,"BrickToolType":1,"LockType":0,"ButterTimes":1,"ExtraAttributes":"","BreakTime":{"x":63,"y":0},"IsMovable":false,"MovePosition":0.0,"IsCustomColor":false,"CustomColorIndex":0,"Size":{"x":1,"y":1},"IsSplit":false,"ActivityType":0,"HitPosition":{"x":0,"y":0},"HitChangeType":0},{"BrickID":0,"BrickType":0,"ShapeType":0,"AttributeType":0,"BrickToolType":0,"LockType":0,"ButterTimes":0,"ExtraAttributes":"","BreakTime":{"x":0,"y":0},"IsMovable":false,"MovePosition":0.0,"IsCustomColor":false,"CustomColorIndex":0,"Size":{"x":0,"y":0},"IsSplit":false,"ActivityType":0,"HitPosition":{"x":0,"y":0},"HitChangeType":0},{"BrickID":1,"BrickType":1,"ShapeType":1,"AttributeType":0,"BrickToolType":1,"LockType":0,"ButterTimes":1,"ExtraAttributes":"","BreakTime":{"x":63,"y":0},"IsMovable":false,"MovePosition":0.0,"IsCustomColor":false,"CustomColorIndex":0,"Size":{"x":1,"y":1},"IsSplit":false,"ActivityType":0,"HitPosition":{"x":0,"y":0},"HitChangeType":0},{"BrickID":0,"BrickType":0,"ShapeType":0,"AttributeType":0,"BrickToolType":0,"LockType":0,"ButterTimes":0,"ExtraAttributes":"","BreakTime":{"x":0,"y":0},"IsMovable":false,"MovePosition":0.0,"IsCustomColor":false,"CustomColorIndex":0,"Size":{"x":0,"y":0},"IsSplit":false,"ActivityType":0,"HitPosition":{"x":0,"y":0},"HitChangeType":0},{"BrickID":1,"BrickType":1,"ShapeType":1,"AttributeType":0,"BrickToolType":1,"LockType":0,"ButterTimes":1,"ExtraAttributes":"","BreakTime":{"x":66,"y":0},"IsMovable":false,"MovePosition":0.0,"IsCustomColor":false,"CustomColorIndex":0,"Size":{"x":1,"y":1},"IsSplit":false,"ActivityType":0,"HitPosition":{"x":0,"y":0},"HitChangeType":0},{"BrickID":1,"BrickType":10,"ShapeType":1,"AttributeType":0,"BrickToolType":1,"LockType":0,"ButterTimes":1,"ExtraAttributes":"","BreakTime":{"x":50,"y":0},"IsMovable":false,"MovePosition":0.0,"IsCustomColor":false,"CustomColorIndex":0,"Size":{"x":1,"y":1},"IsSplit":false,"ActivityType":0,"HitPosition":{"x":0,"y":0},"HitChangeType":0},{"BrickID":0,"BrickType":0,"ShapeType":0,"AttributeType":0,"BrickToolType":0,"LockType":0,"ButterTimes":0,"ExtraAttributes":"","BreakTime":{"x":0,"y":0},"IsMovable":false,"MovePosition":0.0,"IsCustomColor":false,"CustomColorIndex":0,"Size":{"x":0,"y":0},"IsSplit":false,"ActivityType":0,"HitPosition":{"x":0,"y":0},"HitChangeType":0},{"BrickID":1,"BrickType":1,"ShapeType":1,"AttributeType":0,"BrickToolType":1,"LockType":0,"ButterTimes":1,"ExtraAttributes":"","BreakTime":{"x":76,"y":0},"IsMovable":false,"MovePosition":0.0,"IsCustomColor":false,"CustomColorIndex":0,"Size":{"x":1,"y":1},"IsSplit":false,"ActivityType":0,"HitPosition":{"x":0,"y":0},"HitChangeType":0}]},{"list":[{"BrickID":1,"BrickType":1,"ShapeType":1,"AttributeType":0,"BrickToolType":1,"LockType":0,"ButterTimes":1,"ExtraAttributes":"","BreakTime":{"x":81,"y":0},"IsMovable":false,"MovePosition":0.0,"IsCustomColor":false,"CustomColorIndex":0,"Size":{"x":1,"y":1},"IsSplit":false,"ActivityType":0,"HitPosition":{"x":0,"y":0},"HitChangeType":0},{"BrickID":0,"BrickType":0,"ShapeType":0,"AttributeType":0,"BrickToolType":0,"LockType":0,"ButterTimes":0,"ExtraAttributes":"","BreakTime":{"x":0,"y":0},"IsMovable":false,"MovePosition":0.0,"IsCustomColor":false,"CustomColorIndex":0,"Size":{"x":0,"y":0},"IsSplit":false,"ActivityType":0,"HitPosition":{"x":0,"y":0},"HitChangeType":0},{"BrickID":1,"BrickType":10,"ShapeType":1,"AttributeType":0,"BrickToolType":1,"LockType":0,"ButterTimes":1,"ExtraAttributes":"","BreakTime":{"x":50,"y":0},"IsMovable":false,"MovePosition":0.0,"IsCustomColor":false,"CustomColorIndex":0,"Size":{"x":1,"y":1},"IsSplit":false,"ActivityType":0,"HitPosition":{"x":0,"y":0},"HitChangeType":0},{"BrickID":1,"BrickType":1,"ShapeType":1,"AttributeType":0,"BrickToolType":1,"LockType":0,"ButterTimes":1,"ExtraAttributes":"","BreakTime":{"x":58,"y":0},"IsMovable":false,"MovePosition":0.0,"IsCustomColor":false,"CustomColorIndex":0,"Size":{"x":1,"y":1},"IsSplit":false,"ActivityType":0,"HitPosition":{"x":0,"y":0},"HitChangeType":0},{"BrickID":0,"BrickType":0,"ShapeType":0,"AttributeType":0,"BrickToolType":0,"LockType":0,"ButterTimes":0,"ExtraAttributes":"","BreakTime":{"x":0,"y":0},"IsMovable":false,"MovePosition":0.0,"IsCustomColor":false,"CustomColorIndex":0,"Size":{"x":0,"y":0},"IsSplit":false,"ActivityType":0,"HitPosition":{"x":0,"y":0},"HitChangeType":0},{"BrickID":1,"BrickType":1,"ShapeType":1,"AttributeType":0,"BrickToolType":1,"LockType":0,"ButterTimes":1,"ExtraAttributes":"","BreakTime":{"x":76,"y":0},"IsMovable":false,"MovePosition":0.0,"IsCustomColor":false,"CustomColorIndex":0,"Size":{"x":1,"y":1},"IsSplit":false,"ActivityType":0,"HitPosition":{"x":0,"y":0},"HitChangeType":0},{"BrickID":0,"BrickType":0,"ShapeType":0,"AttributeType":0,"BrickToolType":0,"LockType":0,"ButterTimes":0,"ExtraAttributes":"","BreakTime":{"x":0,"y":0},"IsMovable":false,"MovePosition":0.0,"IsCustomColor":false,"CustomColorIndex":0,"Size":{"x":0,"y":0},"IsSplit":false,"ActivityType":0,"HitPosition":{"x":0,"y":0},"HitChangeType":0},{"BrickID":1,"BrickType":1,"ShapeType":1,"AttributeType":0,"BrickToolType":1,"LockType":0,"ButterTimes":1,"ExtraAttributes":"","BreakTime":{"x":76,"y":0},"IsMovable":false,"MovePosition":0.0,"IsCustomColor":false,"CustomColorIndex":0,"Size":{"x":1,"y":1},"IsSplit":false,"ActivityType":0,"HitPosition":{"x":0,"y":0},"HitChangeType":0},{"BrickID":0,"BrickType":0,"ShapeType":0,"AttributeType":0,"BrickToolType":0,"LockType":0,"ButterTimes":0,"ExtraAttributes":"","BreakTime":{"x":0,"y":0},"IsMovable":false,"MovePosition":0.0,"IsCustomColor":false,"CustomColorIndex":0,"Size":{"x":0,"y":0},"IsSplit":false,"ActivityType":0,"HitPosition":{"x":0,"y":0},"HitChangeType":0},{"BrickID":1,"BrickType":1,"ShapeType":1,"AttributeType":0,"BrickToolType":1,"LockType":0,"ButterTimes":1,"ExtraAttributes":"","BreakTime":{"x":58,"y":0},"IsMovable":false,"MovePosition":0.0,"IsCustomColor":false,"CustomColorIndex":0,"Size":{"x":1,"y":1},"IsSplit":false,"ActivityType":0,"HitPosition":{"x":0,"y":0},"HitChangeType":0},{"BrickID":1,"BrickType":10,"ShapeType":1,"AttributeType":0,"BrickToolType":1,"LockType":0,"ButterTimes":1,"ExtraAttributes":"","BreakTime":{"x":50,"y":0},"IsMovable":false,"MovePosition":0.0,"IsCustomColor":false,"CustomColorIndex":0,"Size":{"x":1,"y":1},"IsSplit":false,"ActivityType":0,"HitPosition":{"x":0,"y":0},"HitChangeType":0},{"BrickID":0,"BrickType":0,"ShapeType":0,"AttributeType":0,"BrickToolType":0,"LockType":0,"ButterTimes":0,"ExtraAttributes":"","BreakTime":{"x":0,"y":0},"IsMovable":false,"MovePosition":0.0,"IsCustomColor":false,"CustomColorIndex":0,"Size":{"x":0,"y":0},"IsSplit":false,"ActivityType":0,"HitPosition":{"x":0,"y":0},"HitChangeType":0},{"BrickID":1,"BrickType":1,"ShapeType":1,"AttributeType":0,"BrickToolType":1,"LockType":0,"ButterTimes":1,"ExtraAttributes":"","BreakTime":{"x":81,"y":0},"IsMovable":false,"MovePosition":0.0,"IsCustomColor":false,"CustomColorIndex":0,"Size":{"x":1,"y":1},"IsSplit":false,"ActivityType":0,"HitPosition":{"x":0,"y":0},"HitChangeType":0}]},{"list":[{"BrickID":1,"BrickType":1,"ShapeType":1,"AttributeType":0,"BrickToolType":1,"LockType":0,"ButterTimes":1,"ExtraAttributes":"","BreakTime":{"x":63,"y":0},"IsMovable":false,"MovePosition":0.0,"IsCustomColor":false,"CustomColorIndex":0,"Size":{"x":1,"y":1},"IsSplit":false,"ActivityType":0,"HitPosition":{"x":0,"y":0},"HitChangeType":0},{"BrickID":0,"BrickType":0,"ShapeType":0,"AttributeType":0,"BrickToolType":0,"LockType":0,"ButterTimes":0,"ExtraAttributes":"","BreakTime":{"x":0,"y":0},"IsMovable":false,"MovePosition":0.0,"IsCustomColor":false,"CustomColorIndex":0,"Size":{"x":0,"y":0},"IsSplit":false,"ActivityType":0,"HitPosition":{"x":0,"y":0},"HitChangeType":0},{"BrickID":1,"BrickType":10,"ShapeType":1,"AttributeType":0,"BrickToolType":1,"LockType":0,"ButterTimes":1,"ExtraAttributes":"","BreakTime":{"x":50,"y":0},"IsMovable":false,"MovePosition":0.0,"IsCustomColor":false,"CustomColorIndex":0,"Size":{"x":1,"y":1},"IsSplit":false,"ActivityType":0,"HitPosition":{"x":0,"y":0},"HitChangeType":0},{"BrickID":1,"BrickType":1,"ShapeType":1,"AttributeType":0,"BrickToolType":1,"LockType":0,"ButterTimes":1,"ExtraAttributes":"","BreakTime":{"x":63,"y":0},"IsMovable":false,"MovePosition":0.0,"IsCustomColor":false,"CustomColorIndex":0,"Size":{"x":1,"y":1},"IsSplit":false,"ActivityType":0,"HitPosition":{"x":0,"y":0},"HitChangeType":0},{"BrickID":0,"BrickType":0,"ShapeType":0,"AttributeType":0,"BrickToolType":0,"LockType":0,"ButterTimes":0,"ExtraAttributes":"","BreakTime":{"x":0,"y":0},"IsMovable":false,"MovePosition":0.0,"IsCustomColor":false,"CustomColorIndex":0,"Size":{"x":0,"y":0},"IsSplit":false,"ActivityType":0,"HitPosition":{"x":0,"y":0},"HitChangeType":0},{"BrickID":1,"BrickType":1,"ShapeType":1,"AttributeType":0,"BrickToolType":1,"LockType":0,"ButterTimes":1,"ExtraAttributes":"","BreakTime":{"x":81,"y":0},"IsMovable":false,"MovePosition":0.0,"IsCustomColor":false,"CustomColorIndex":0,"Size":{"x":1,"y":1},"IsSplit":false,"ActivityType":0,"HitPosition":{"x":0,"y":0},"HitChangeType":0},{"BrickID":1,"BrickType":2,"ShapeType":1,"AttributeType":0,"BrickToolType":5,"LockType":0,"ButterTimes":0,"ExtraAttributes":"","BreakTime":{"x":0,"y":0},"IsMovable":false,"MovePosition":0.0,"IsCustomColor":false,"CustomColorIndex":0,"Size":{"x":1,"y":1},"IsSplit":false,"ActivityType":0,"HitPosition":{"x":0,"y":0},"HitChangeType":0},{"BrickID":1,"BrickType":1,"ShapeType":1,"AttributeType":0,"BrickToolType":1,"LockType":0,"ButterTimes":1,"ExtraAttributes":"","BreakTime":{"x":81,"y":0},"IsMovable":false,"MovePosition":0.0,"IsCustomColor":false,"CustomColorIndex":0,"Size":{"x":1,"y":1},"IsSplit":false,"ActivityType":0,"HitPosition":{"x":0,"y":0},"HitChangeType":0},{"BrickID":0,"BrickType":0,"ShapeType":0,"AttributeType":0,"BrickToolType":0,"LockType":0,"ButterTimes":0,"ExtraAttributes":"","BreakTime":{"x":0,"y":0},"IsMovable":false,"MovePosition":0.0,"IsCustomColor":false,"CustomColorIndex":0,"Size":{"x":0,"y":0},"IsSplit":false,"ActivityType":0,"HitPosition":{"x":0,"y":0},"HitChangeType":0},{"BrickID":1,"BrickType":1,"ShapeType":1,"AttributeType":0,"BrickToolType":1,"LockType":0,"ButterTimes":1,"ExtraAttributes":"","BreakTime":{"x":63,"y":0},"IsMovable":false,"MovePosition":0.0,"IsCustomColor":false,"CustomColorIndex":0,"Size":{"x":1,"y":1},"IsSplit":false,"ActivityType":0,"HitPosition":{"x":0,"y":0},"HitChangeType":0},{"BrickID":1,"BrickType":10,"ShapeType":1,"AttributeType":0,"BrickToolType":1,"LockType":0,"ButterTimes":1,"ExtraAttributes":"","BreakTime":{"x":50,"y":0},"IsMovable":false,"MovePosition":0.0,"IsCustomColor":false,"CustomColorIndex":0,"Size":{"x":1,"y":1},"IsSplit":false,"ActivityType":0,"HitPosition":{"x":0,"y":0},"HitChangeType":0},{"BrickID":0,"BrickType":0,"ShapeType":0,"AttributeType":0,"BrickToolType":0,"LockType":0,"ButterTimes":0,"ExtraAttributes":"","BreakTime":{"x":0,"y":0},"IsMovable":false,"MovePosition":0.0,"IsCustomColor":false,"CustomColorIndex":0,"Size":{"x":0,"y":0},"IsSplit":false,"ActivityType":0,"HitPosition":{"x":0,"y":0},"HitChangeType":0},{"BrickID":1,"BrickType":1,"ShapeType":1,"AttributeType":0,"BrickToolType":1,"LockType":0,"ButterTimes":1,"ExtraAttributes":"","BreakTime":{"x":63,"y":0},"IsMovable":false,"MovePosition":0.0,"IsCustomColor":false,"CustomColorIndex":0,"Size":{"x":1,"y":1},"IsSplit":false,"ActivityType":0,"HitPosition":{"x":0,"y":0},"HitChangeType":0}]},{"list":[{"BrickID":1,"BrickType":1,"ShapeType":1,"AttributeType":0,"BrickToolType":1,"LockType":0,"ButterTimes":1,"ExtraAttributes":"","BreakTime":{"x":46,"y":0},"IsMovable":false,"MovePosition":0.0,"IsCustomColor":false,"CustomColorIndex":0,"Size":{"x":1,"y":1},"IsSplit":false,"ActivityType":0,"HitPosition":{"x":0,"y":0},"HitChangeType":0},{"BrickID":1,"BrickType":1,"ShapeType":1,"AttributeType":0,"BrickToolType":1,"LockType":0,"ButterTimes":1,"ExtraAttributes":"","BreakTime":{"x":45,"y":0},"IsMovable":false,"MovePosition":0.0,"IsCustomColor":false,"CustomColorIndex":0,"Size":{"x":1,"y":1},"IsSplit":false,"ActivityType":0,"HitPosition":{"x":0,"y":0},"HitChangeType":0},{"BrickID":0,"BrickType":0,"ShapeType":0,"AttributeType":0,"BrickToolType":0,"LockType":0,"ButterTimes":0,"ExtraAttributes":"","BreakTime":{"x":0,"y":0},"IsMovable":false,"MovePosition":0.0,"IsCustomColor":false,"CustomColorIndex":0,"Size":{"x":0,"y":0},"IsSplit":false,"ActivityType":0,"HitPosition":{"x":0,"y":0},"HitChangeType":0},{"BrickID":1,"BrickType":1,"ShapeType":1,"AttributeType":0,"BrickToolType":1,"LockType":0,"ButterTimes":1,"ExtraAttributes":"","BreakTime":{"x":40,"y":0},"IsMovable":false,"MovePosition":0.0,"IsCustomColor":false,"CustomColorIndex":0,"Size":{"x":1,"y":1},"IsSplit":false,"ActivityType":0,"HitPosition":{"x":0,"y":0},"HitChangeType":0},{"BrickID":1,"BrickType":1,"ShapeType":1,"AttributeType":0,"BrickToolType":1,"LockType":0,"ButterTimes":1,"ExtraAttributes":"","BreakTime":{"x":42,"y":0},"IsMovable":false,"MovePosition":0.0,"IsCustomColor":false,"CustomColorIndex":0,"Size":{"x":1,"y":1},"IsSplit":false,"ActivityType":0,"HitPosition":{"x":0,"y":0},"HitChangeType":0},{"BrickID":1,"BrickType":1,"ShapeType":1,"AttributeType":0,"BrickToolType":1,"LockType":0,"ButterTimes":1,"ExtraAttributes":"","BreakTime":{"x":44,"y":0},"IsMovable":false,"MovePosition":0.0,"IsCustomColor":false,"CustomColorIndex":0,"Size":{"x":1,"y":1},"IsSplit":false,"ActivityType":0,"HitPosition":{"x":0,"y":0},"HitChangeType":0},{"BrickID":0,"BrickType":0,"ShapeType":0,"AttributeType":0,"BrickToolType":0,"LockType":0,"ButterTimes":0,"ExtraAttributes":"","BreakTime":{"x":0,"y":0},"IsMovable":false,"MovePosition":0.0,"IsCustomColor":false,"CustomColorIndex":0,"Size":{"x":0,"y":0},"IsSplit":false,"ActivityType":0,"HitPosition":{"x":0,"y":0},"HitChangeType":0},{"BrickID":1,"BrickType":1,"ShapeType":1,"AttributeType":0,"BrickToolType":1,"LockType":0,"ButterTimes":1,"ExtraAttributes":"","BreakTime":{"x":44,"y":0},"IsMovable":false,"MovePosition":0.0,"IsCustomColor":false,"CustomColorIndex":0,"Size":{"x":1,"y":1},"IsSplit":false,"ActivityType":0,"HitPosition":{"x":0,"y":0},"HitChangeType":0},{"BrickID":1,"BrickType":1,"ShapeType":1,"AttributeType":0,"BrickToolType":1,"LockType":0,"ButterTimes":1,"ExtraAttributes":"","BreakTime":{"x":42,"y":0},"IsMovable":false,"MovePosition":0.0,"IsCustomColor":false,"CustomColorIndex":0,"Size":{"x":1,"y":1},"IsSplit":false,"ActivityType":0,"HitPosition":{"x":0,"y":0},"HitChangeType":0},{"BrickID":1,"BrickType":1,"ShapeType":1,"AttributeType":0,"BrickToolType":1,"LockType":0,"ButterTimes":1,"ExtraAttributes":"","BreakTime":{"x":40,"y":0},"IsMovable":false,"MovePosition":0.0,"IsCustomColor":false,"CustomColorIndex":0,"Size":{"x":1,"y":1},"IsSplit":false,"ActivityType":0,"HitPosition":{"x":0,"y":0},"HitChangeType":0},{"BrickID":0,"BrickType":0,"ShapeType":0,"AttributeType":0,"BrickToolType":0,"LockType":0,"ButterTimes":0,"ExtraAttributes":"","BreakTime":{"x":0,"y":0},"IsMovable":false,"MovePosition":0.0,"IsCustomColor":false,"CustomColorIndex":0,"Size":{"x":0,"y":0},"IsSplit":false,"ActivityType":0,"HitPosition":{"x":0,"y":0},"HitChangeType":0},{"BrickID":1,"BrickType":1,"ShapeType":1,"AttributeType":0,"BrickToolType":1,"LockType":0,"ButterTimes":1,"ExtraAttributes":"","BreakTime":{"x":45,"y":0},"IsMovable":false,"MovePosition":0.0,"IsCustomColor":false,"CustomColorIndex":0,"Size":{"x":1,"y":1},"IsSplit":false,"ActivityType":0,"HitPosition":{"x":0,"y":0},"HitChangeType":0},{"BrickID":1,"BrickType":1,"ShapeType":1,"AttributeType":0,"BrickToolType":1,"LockType":0,"ButterTimes":1,"ExtraAttributes":"","BreakTime":{"x":46,"y":0},"IsMovable":false,"MovePosition":0.0,"IsCustomColor":false,"CustomColorIndex":0,"Size":{"x":1,"y":1},"IsSplit":false,"ActivityType":0,"HitPosition":{"x":0,"y":0},"HitChangeType":0}]}]},"Areas":[],"Row":17,"VisibleRow":16,"Column":13,"Score":[300,5000,7000],"StartPosition":50.0,"ColorRange":{"x":1,"y":9},"ColorTopLimit":{"x":10,"y":120},"ChargeMax":0,"BallCount":50,"Target":[{"x":41,"y":2},{"x":44,"y":26},{"x":10,"y":15}],"Barriers":[],"Rivers":[],"Curtains":[],"TreasureMaps":[],"CoinCountRange":{"x":0,"y":0},"CoinValueRange":{"x":0,"y":0},"Annotation":"","Difficulty":0}