{"MapID":0,"Bricks":{"list":[{"list":[]},{"list":[]},{"list":[]},{"list":[]},{"list":[]},{"list":[]},{"list":[{"BrickID":0,"BrickType":0,"ShapeType":0,"AttributeType":0,"BrickToolType":0,"LockType":0,"ButterTimes":0,"ExtraAttributes":"","BreakTime":{"x":0,"y":0},"IsMovable":false,"MovePosition":0.0,"IsCustomColor":false,"CustomColorIndex":0,"Size":{"x":0,"y":0},"IsSplit":false,"ActivityType":0,"HitPosition":{"x":0,"y":0},"HitChangeType":0},{"BrickID":1,"BrickType":1,"ShapeType":1,"AttributeType":0,"BrickToolType":1,"LockType":0,"ButterTimes":1,"ExtraAttributes":"","BreakTime":{"x":73,"y":0},"IsMovable":false,"MovePosition":0.0,"IsCustomColor":false,"CustomColorIndex":0,"Size":{"x":1,"y":1},"IsSplit":false,"ActivityType":0,"HitPosition":{"x":0,"y":0},"HitChangeType":0},{"BrickID":1,"BrickType":1,"ShapeType":1,"AttributeType":0,"BrickToolType":1,"LockType":0,"ButterTimes":1,"ExtraAttributes":"","BreakTime":{"x":61,"y":0},"IsMovable":false,"MovePosition":0.0,"IsCustomColor":false,"CustomColorIndex":0,"Size":{"x":1,"y":1},"IsSplit":false,"ActivityType":0,"HitPosition":{"x":0,"y":0},"HitChangeType":0},{"BrickID":1,"BrickType":1,"ShapeType":1,"AttributeType":0,"BrickToolType":1,"LockType":0,"ButterTimes":1,"ExtraAttributes":"","BreakTime":{"x":52,"y":0},"IsMovable":false,"MovePosition":0.0,"IsCustomColor":false,"CustomColorIndex":0,"Size":{"x":1,"y":1},"IsSplit":false,"ActivityType":0,"HitPosition":{"x":0,"y":0},"HitChangeType":0},{"BrickID":1,"BrickType":25,"ShapeType":1,"AttributeType":0,"BrickToolType":1,"LockType":0,"ButterTimes":1,"ExtraAttributes":"","BreakTime":{"x":40,"y":0},"IsMovable":false,"MovePosition":0.0,"IsCustomColor":false,"CustomColorIndex":0,"Size":{"x":1,"y":1},"IsSplit":false,"ActivityType":0,"HitPosition":{"x":0,"y":0},"HitChangeType":0},{"BrickID":0,"BrickType":0,"ShapeType":0,"AttributeType":0,"BrickToolType":0,"LockType":0,"ButterTimes":0,"ExtraAttributes":"","BreakTime":{"x":0,"y":0},"IsMovable":false,"MovePosition":0.0,"IsCustomColor":false,"CustomColorIndex":0,"Size":{"x":0,"y":0},"IsSplit":false,"ActivityType":0,"HitPosition":{"x":0,"y":0},"HitChangeType":0},{"BrickID":0,"BrickType":0,"ShapeType":0,"AttributeType":0,"BrickToolType":0,"LockType":0,"ButterTimes":0,"ExtraAttributes":"","BreakTime":{"x":0,"y":0},"IsMovable":false,"MovePosition":0.0,"IsCustomColor":false,"CustomColorIndex":0,"Size":{"x":0,"y":0},"IsSplit":false,"ActivityType":0,"HitPosition":{"x":0,"y":0},"HitChangeType":0},{"BrickID":0,"BrickType":0,"ShapeType":0,"AttributeType":0,"BrickToolType":0,"LockType":0,"ButterTimes":0,"ExtraAttributes":"","BreakTime":{"x":0,"y":0},"IsMovable":false,"MovePosition":0.0,"IsCustomColor":false,"CustomColorIndex":0,"Size":{"x":0,"y":0},"IsSplit":false,"ActivityType":0,"HitPosition":{"x":0,"y":0},"HitChangeType":0},{"BrickID":1,"BrickType":25,"ShapeType":1,"AttributeType":0,"BrickToolType":1,"LockType":0,"ButterTimes":1,"ExtraAttributes":"","BreakTime":{"x":40,"y":0},"IsMovable":false,"MovePosition":0.0,"IsCustomColor":false,"CustomColorIndex":0,"Size":{"x":1,"y":1},"IsSplit":false,"ActivityType":0,"HitPosition":{"x":0,"y":0},"HitChangeType":0},{"BrickID":1,"BrickType":1,"ShapeType":1,"AttributeType":0,"BrickToolType":1,"LockType":0,"ButterTimes":1,"ExtraAttributes":"","BreakTime":{"x":52,"y":0},"IsMovable":false,"MovePosition":0.0,"IsCustomColor":false,"CustomColorIndex":0,"Size":{"x":1,"y":1},"IsSplit":false,"ActivityType":0,"HitPosition":{"x":0,"y":0},"HitChangeType":0},{"BrickID":1,"BrickType":1,"ShapeType":1,"AttributeType":0,"BrickToolType":1,"LockType":0,"ButterTimes":1,"ExtraAttributes":"","BreakTime":{"x":61,"y":0},"IsMovable":false,"MovePosition":0.0,"IsCustomColor":false,"CustomColorIndex":0,"Size":{"x":1,"y":1},"IsSplit":false,"ActivityType":0,"HitPosition":{"x":0,"y":0},"HitChangeType":0},{"BrickID":1,"BrickType":1,"ShapeType":1,"AttributeType":0,"BrickToolType":1,"LockType":0,"ButterTimes":1,"ExtraAttributes":"","BreakTime":{"x":73,"y":0},"IsMovable":false,"MovePosition":0.0,"IsCustomColor":false,"CustomColorIndex":0,"Size":{"x":1,"y":1},"IsSplit":false,"ActivityType":0,"HitPosition":{"x":0,"y":0},"HitChangeType":0}]},{"list":[{"BrickID":0,"BrickType":0,"ShapeType":0,"AttributeType":0,"BrickToolType":0,"LockType":0,"ButterTimes":0,"ExtraAttributes":"","BreakTime":{"x":0,"y":0},"IsMovable":false,"MovePosition":0.0,"IsCustomColor":false,"CustomColorIndex":0,"Size":{"x":0,"y":0},"IsSplit":false,"ActivityType":0,"HitPosition":{"x":0,"y":0},"HitChangeType":0},{"BrickID":1,"BrickType":38,"ShapeType":1,"AttributeType":0,"BrickToolType":1,"LockType":0,"ButterTimes":1,"ExtraAttributes":"30;35;45;50","BreakTime":{"x":1,"y":0},"IsMovable":false,"MovePosition":0.0,"IsCustomColor":false,"CustomColorIndex":0,"Size":{"x":2,"y":2},"IsSplit":false,"ActivityType":0,"HitPosition":{"x":0,"y":0},"HitChangeType":0},{"BrickID":0,"BrickType":0,"ShapeType":0,"AttributeType":0,"BrickToolType":0,"LockType":0,"ButterTimes":0,"ExtraAttributes":"","BreakTime":{"x":0,"y":0},"IsMovable":false,"MovePosition":0.0,"IsCustomColor":false,"CustomColorIndex":0,"Size":{"x":0,"y":0},"IsSplit":false,"ActivityType":0,"HitPosition":{"x":0,"y":0},"HitChangeType":0},{"BrickID":1,"BrickType":44,"ShapeType":1,"AttributeType":0,"BrickToolType":1,"LockType":0,"ButterTimes":1,"ExtraAttributes":"15;20;15;20;25","BreakTime":{"x":1,"y":0},"IsMovable":false,"MovePosition":0.0,"IsCustomColor":false,"CustomColorIndex":0,"Size":{"x":1,"y":1},"IsSplit":false,"ActivityType":0,"HitPosition":{"x":0,"y":0},"HitChangeType":0},{"BrickID":1,"BrickType":1,"ShapeType":1,"AttributeType":0,"BrickToolType":1,"LockType":0,"ButterTimes":1,"ExtraAttributes":"","BreakTime":{"x":66,"y":0},"IsMovable":false,"MovePosition":0.0,"IsCustomColor":false,"CustomColorIndex":0,"Size":{"x":1,"y":1},"IsSplit":false,"ActivityType":0,"HitPosition":{"x":0,"y":0},"HitChangeType":0},{"BrickID":1,"BrickType":25,"ShapeType":1,"AttributeType":0,"BrickToolType":1,"LockType":0,"ButterTimes":1,"ExtraAttributes":"","BreakTime":{"x":30,"y":0},"IsMovable":false,"MovePosition":0.0,"IsCustomColor":false,"CustomColorIndex":0,"Size":{"x":1,"y":1},"IsSplit":false,"ActivityType":0,"HitPosition":{"x":0,"y":0},"HitChangeType":0},{"BrickID":0,"BrickType":0,"ShapeType":0,"AttributeType":0,"BrickToolType":0,"LockType":0,"ButterTimes":0,"ExtraAttributes":"","BreakTime":{"x":0,"y":0},"IsMovable":false,"MovePosition":0.0,"IsCustomColor":false,"CustomColorIndex":0,"Size":{"x":0,"y":0},"IsSplit":false,"ActivityType":0,"HitPosition":{"x":0,"y":0},"HitChangeType":0},{"BrickID":1,"BrickType":25,"ShapeType":1,"AttributeType":0,"BrickToolType":1,"LockType":0,"ButterTimes":1,"ExtraAttributes":"","BreakTime":{"x":30,"y":0},"IsMovable":false,"MovePosition":0.0,"IsCustomColor":false,"CustomColorIndex":0,"Size":{"x":1,"y":1},"IsSplit":false,"ActivityType":0,"HitPosition":{"x":0,"y":0},"HitChangeType":0},{"BrickID":1,"BrickType":1,"ShapeType":1,"AttributeType":0,"BrickToolType":1,"LockType":0,"ButterTimes":1,"ExtraAttributes":"","BreakTime":{"x":66,"y":0},"IsMovable":false,"MovePosition":0.0,"IsCustomColor":false,"CustomColorIndex":0,"Size":{"x":1,"y":1},"IsSplit":false,"ActivityType":0,"HitPosition":{"x":0,"y":0},"HitChangeType":0},{"BrickID":1,"BrickType":44,"ShapeType":1,"AttributeType":0,"BrickToolType":1,"LockType":0,"ButterTimes":1,"ExtraAttributes":"15;20;15;20;25","BreakTime":{"x":1,"y":0},"IsMovable":false,"MovePosition":0.0,"IsCustomColor":false,"CustomColorIndex":0,"Size":{"x":1,"y":1},"IsSplit":false,"ActivityType":0,"HitPosition":{"x":0,"y":0},"HitChangeType":0},{"BrickID":1,"BrickType":38,"ShapeType":1,"AttributeType":0,"BrickToolType":1,"LockType":0,"ButterTimes":1,"ExtraAttributes":"30;35;45;50","BreakTime":{"x":1,"y":0},"IsMovable":false,"MovePosition":0.0,"IsCustomColor":false,"CustomColorIndex":0,"Size":{"x":2,"y":2},"IsSplit":false,"ActivityType":0,"HitPosition":{"x":0,"y":0},"HitChangeType":0}]},{"list":[{"BrickID":0,"BrickType":0,"ShapeType":0,"AttributeType":0,"BrickToolType":0,"LockType":0,"ButterTimes":0,"ExtraAttributes":"","BreakTime":{"x":0,"y":0},"IsMovable":false,"MovePosition":0.0,"IsCustomColor":false,"CustomColorIndex":0,"Size":{"x":0,"y":0},"IsSplit":false,"ActivityType":0,"HitPosition":{"x":0,"y":0},"HitChangeType":0},{"BrickID":0,"BrickType":0,"ShapeType":0,"AttributeType":0,"BrickToolType":0,"LockType":0,"ButterTimes":0,"ExtraAttributes":"","BreakTime":{"x":0,"y":0},"IsMovable":false,"MovePosition":0.0,"IsCustomColor":false,"CustomColorIndex":0,"Size":{"x":0,"y":0},"IsSplit":false,"ActivityType":0,"HitPosition":{"x":0,"y":0},"HitChangeType":0},{"BrickID":0,"BrickType":0,"ShapeType":0,"AttributeType":0,"BrickToolType":0,"LockType":0,"ButterTimes":0,"ExtraAttributes":"","BreakTime":{"x":0,"y":0},"IsMovable":false,"MovePosition":0.0,"IsCustomColor":false,"CustomColorIndex":0,"Size":{"x":0,"y":0},"IsSplit":false,"ActivityType":0,"HitPosition":{"x":0,"y":0},"HitChangeType":0},{"BrickID":1,"BrickType":44,"ShapeType":1,"AttributeType":0,"BrickToolType":1,"LockType":0,"ButterTimes":1,"ExtraAttributes":"15;20;15;20;25","BreakTime":{"x":1,"y":0},"IsMovable":false,"MovePosition":0.0,"IsCustomColor":false,"CustomColorIndex":0,"Size":{"x":1,"y":1},"IsSplit":false,"ActivityType":0,"HitPosition":{"x":0,"y":0},"HitChangeType":0},{"BrickID":1,"BrickType":1,"ShapeType":1,"AttributeType":0,"BrickToolType":1,"LockType":0,"ButterTimes":1,"ExtraAttributes":"","BreakTime":{"x":72,"y":0},"IsMovable":false,"MovePosition":0.0,"IsCustomColor":false,"CustomColorIndex":0,"Size":{"x":1,"y":1},"IsSplit":false,"ActivityType":0,"HitPosition":{"x":0,"y":0},"HitChangeType":0},{"BrickID":0,"BrickType":0,"ShapeType":0,"AttributeType":0,"BrickToolType":0,"LockType":0,"ButterTimes":0,"ExtraAttributes":"","BreakTime":{"x":0,"y":0},"IsMovable":false,"MovePosition":0.0,"IsCustomColor":false,"CustomColorIndex":0,"Size":{"x":0,"y":0},"IsSplit":false,"ActivityType":0,"HitPosition":{"x":0,"y":0},"HitChangeType":0},{"BrickID":1,"BrickType":25,"ShapeType":1,"AttributeType":0,"BrickToolType":1,"LockType":0,"ButterTimes":1,"ExtraAttributes":"","BreakTime":{"x":20,"y":0},"IsMovable":false,"MovePosition":0.0,"IsCustomColor":false,"CustomColorIndex":0,"Size":{"x":1,"y":1},"IsSplit":false,"ActivityType":0,"HitPosition":{"x":0,"y":0},"HitChangeType":0},{"BrickID":0,"BrickType":0,"ShapeType":0,"AttributeType":0,"BrickToolType":0,"LockType":0,"ButterTimes":0,"ExtraAttributes":"","BreakTime":{"x":0,"y":0},"IsMovable":false,"MovePosition":0.0,"IsCustomColor":false,"CustomColorIndex":0,"Size":{"x":0,"y":0},"IsSplit":false,"ActivityType":0,"HitPosition":{"x":0,"y":0},"HitChangeType":0},{"BrickID":1,"BrickType":1,"ShapeType":1,"AttributeType":0,"BrickToolType":1,"LockType":0,"ButterTimes":1,"ExtraAttributes":"","BreakTime":{"x":72,"y":0},"IsMovable":false,"MovePosition":0.0,"IsCustomColor":false,"CustomColorIndex":0,"Size":{"x":1,"y":1},"IsSplit":false,"ActivityType":0,"HitPosition":{"x":0,"y":0},"HitChangeType":0},{"BrickID":1,"BrickType":44,"ShapeType":1,"AttributeType":0,"BrickToolType":1,"LockType":0,"ButterTimes":1,"ExtraAttributes":"15;20;15;20;25","BreakTime":{"x":1,"y":0},"IsMovable":false,"MovePosition":0.0,"IsCustomColor":false,"CustomColorIndex":0,"Size":{"x":1,"y":1},"IsSplit":false,"ActivityType":0,"HitPosition":{"x":0,"y":0},"HitChangeType":0}]},{"list":[{"BrickID":0,"BrickType":0,"ShapeType":0,"AttributeType":0,"BrickToolType":0,"LockType":0,"ButterTimes":0,"ExtraAttributes":"","BreakTime":{"x":0,"y":0},"IsMovable":false,"MovePosition":0.0,"IsCustomColor":false,"CustomColorIndex":0,"Size":{"x":0,"y":0},"IsSplit":false,"ActivityType":0,"HitPosition":{"x":0,"y":0},"HitChangeType":0},{"BrickID":1,"BrickType":44,"ShapeType":1,"AttributeType":0,"BrickToolType":1,"LockType":0,"ButterTimes":1,"ExtraAttributes":"15;20;15;20;25","BreakTime":{"x":1,"y":0},"IsMovable":false,"MovePosition":0.0,"IsCustomColor":false,"CustomColorIndex":0,"Size":{"x":1,"y":1},"IsSplit":false,"ActivityType":0,"HitPosition":{"x":0,"y":0},"HitChangeType":0},{"BrickID":1,"BrickType":44,"ShapeType":1,"AttributeType":0,"BrickToolType":1,"LockType":0,"ButterTimes":1,"ExtraAttributes":"1;1;1;1;1","BreakTime":{"x":1,"y":0},"IsMovable":false,"MovePosition":0.0,"IsCustomColor":false,"CustomColorIndex":0,"Size":{"x":1,"y":1},"IsSplit":false,"ActivityType":0,"HitPosition":{"x":0,"y":0},"HitChangeType":0},{"BrickID":1,"BrickType":44,"ShapeType":1,"AttributeType":0,"BrickToolType":1,"LockType":0,"ButterTimes":1,"ExtraAttributes":"1;1;1;1;1","BreakTime":{"x":1,"y":0},"IsMovable":false,"MovePosition":0.0,"IsCustomColor":false,"CustomColorIndex":0,"Size":{"x":1,"y":1},"IsSplit":false,"ActivityType":0,"HitPosition":{"x":0,"y":0},"HitChangeType":0},{"BrickID":1,"BrickType":1,"ShapeType":2,"AttributeType":0,"BrickToolType":1,"LockType":0,"ButterTimes":1,"ExtraAttributes":"","BreakTime":{"x":60,"y":0},"IsMovable":false,"MovePosition":0.0,"IsCustomColor":false,"CustomColorIndex":0,"Size":{"x":1,"y":1},"IsSplit":false,"ActivityType":0,"HitPosition":{"x":0,"y":0},"HitChangeType":0},{"BrickID":1,"BrickType":25,"ShapeType":1,"AttributeType":0,"BrickToolType":1,"LockType":0,"ButterTimes":1,"ExtraAttributes":"","BreakTime":{"x":30,"y":0},"IsMovable":false,"MovePosition":0.0,"IsCustomColor":false,"CustomColorIndex":0,"Size":{"x":1,"y":1},"IsSplit":false,"ActivityType":0,"HitPosition":{"x":0,"y":0},"HitChangeType":0},{"BrickID":0,"BrickType":0,"ShapeType":0,"AttributeType":0,"BrickToolType":0,"LockType":0,"ButterTimes":0,"ExtraAttributes":"","BreakTime":{"x":0,"y":0},"IsMovable":false,"MovePosition":0.0,"IsCustomColor":false,"CustomColorIndex":0,"Size":{"x":0,"y":0},"IsSplit":false,"ActivityType":0,"HitPosition":{"x":0,"y":0},"HitChangeType":0},{"BrickID":1,"BrickType":25,"ShapeType":1,"AttributeType":0,"BrickToolType":1,"LockType":0,"ButterTimes":1,"ExtraAttributes":"","BreakTime":{"x":30,"y":0},"IsMovable":false,"MovePosition":0.0,"IsCustomColor":false,"CustomColorIndex":0,"Size":{"x":1,"y":1},"IsSplit":false,"ActivityType":0,"HitPosition":{"x":0,"y":0},"HitChangeType":0},{"BrickID":1,"BrickType":1,"ShapeType":5,"AttributeType":0,"BrickToolType":1,"LockType":0,"ButterTimes":1,"ExtraAttributes":"","BreakTime":{"x":60,"y":0},"IsMovable":false,"MovePosition":0.0,"IsCustomColor":false,"CustomColorIndex":0,"Size":{"x":1,"y":1},"IsSplit":false,"ActivityType":0,"HitPosition":{"x":0,"y":0},"HitChangeType":0},{"BrickID":1,"BrickType":44,"ShapeType":1,"AttributeType":0,"BrickToolType":1,"LockType":0,"ButterTimes":1,"ExtraAttributes":"1;1;1;1;1","BreakTime":{"x":1,"y":0},"IsMovable":false,"MovePosition":0.0,"IsCustomColor":false,"CustomColorIndex":0,"Size":{"x":1,"y":1},"IsSplit":false,"ActivityType":0,"HitPosition":{"x":0,"y":0},"HitChangeType":0},{"BrickID":1,"BrickType":44,"ShapeType":1,"AttributeType":0,"BrickToolType":1,"LockType":0,"ButterTimes":1,"ExtraAttributes":"1;1;1;1;1","BreakTime":{"x":1,"y":0},"IsMovable":false,"MovePosition":0.0,"IsCustomColor":false,"CustomColorIndex":0,"Size":{"x":1,"y":1},"IsSplit":false,"ActivityType":0,"HitPosition":{"x":0,"y":0},"HitChangeType":0},{"BrickID":1,"BrickType":44,"ShapeType":1,"AttributeType":0,"BrickToolType":1,"LockType":0,"ButterTimes":1,"ExtraAttributes":"15;20;15;20;25","BreakTime":{"x":1,"y":0},"IsMovable":false,"MovePosition":0.0,"IsCustomColor":false,"CustomColorIndex":0,"Size":{"x":1,"y":1},"IsSplit":false,"ActivityType":0,"HitPosition":{"x":0,"y":0},"HitChangeType":0}]},{"list":[{"BrickID":0,"BrickType":0,"ShapeType":0,"AttributeType":0,"BrickToolType":0,"LockType":0,"ButterTimes":0,"ExtraAttributes":"","BreakTime":{"x":0,"y":0},"IsMovable":false,"MovePosition":0.0,"IsCustomColor":false,"CustomColorIndex":0,"Size":{"x":0,"y":0},"IsSplit":false,"ActivityType":0,"HitPosition":{"x":0,"y":0},"HitChangeType":0},{"BrickID":1,"BrickType":44,"ShapeType":1,"AttributeType":0,"BrickToolType":1,"LockType":0,"ButterTimes":1,"ExtraAttributes":"15;20;15;20;25","BreakTime":{"x":1,"y":0},"IsMovable":false,"MovePosition":0.0,"IsCustomColor":false,"CustomColorIndex":0,"Size":{"x":1,"y":1},"IsSplit":false,"ActivityType":0,"HitPosition":{"x":0,"y":0},"HitChangeType":0},{"BrickID":1,"BrickType":44,"ShapeType":1,"AttributeType":0,"BrickToolType":1,"LockType":0,"ButterTimes":1,"ExtraAttributes":"2;2;2;2;10","BreakTime":{"x":1,"y":0},"IsMovable":false,"MovePosition":0.0,"IsCustomColor":false,"CustomColorIndex":0,"Size":{"x":1,"y":1},"IsSplit":false,"ActivityType":0,"HitPosition":{"x":0,"y":0},"HitChangeType":0},{"BrickID":1,"BrickType":44,"ShapeType":1,"AttributeType":0,"BrickToolType":1,"LockType":0,"ButterTimes":1,"ExtraAttributes":"2;2;2;2;10","BreakTime":{"x":1,"y":0},"IsMovable":false,"MovePosition":0.0,"IsCustomColor":false,"CustomColorIndex":0,"Size":{"x":1,"y":1},"IsSplit":false,"ActivityType":0,"HitPosition":{"x":0,"y":0},"HitChangeType":0},{"BrickID":1,"BrickType":44,"ShapeType":1,"AttributeType":0,"BrickToolType":1,"LockType":0,"ButterTimes":1,"ExtraAttributes":"2;2;2;2;10","BreakTime":{"x":1,"y":0},"IsMovable":false,"MovePosition":0.0,"IsCustomColor":false,"CustomColorIndex":0,"Size":{"x":1,"y":1},"IsSplit":false,"ActivityType":0,"HitPosition":{"x":0,"y":0},"HitChangeType":0},{"BrickID":1,"BrickType":1,"ShapeType":2,"AttributeType":0,"BrickToolType":1,"LockType":0,"ButterTimes":1,"ExtraAttributes":"","BreakTime":{"x":60,"y":0},"IsMovable":false,"MovePosition":0.0,"IsCustomColor":false,"CustomColorIndex":0,"Size":{"x":1,"y":1},"IsSplit":false,"ActivityType":0,"HitPosition":{"x":0,"y":0},"HitChangeType":0},{"BrickID":1,"BrickType":25,"ShapeType":1,"AttributeType":0,"BrickToolType":1,"LockType":0,"ButterTimes":1,"ExtraAttributes":"","BreakTime":{"x":40,"y":0},"IsMovable":false,"MovePosition":0.0,"IsCustomColor":false,"CustomColorIndex":0,"Size":{"x":1,"y":1},"IsSplit":false,"ActivityType":0,"HitPosition":{"x":0,"y":0},"HitChangeType":0},{"BrickID":1,"BrickType":1,"ShapeType":5,"AttributeType":0,"BrickToolType":1,"LockType":0,"ButterTimes":1,"ExtraAttributes":"","BreakTime":{"x":60,"y":0},"IsMovable":false,"MovePosition":0.0,"IsCustomColor":false,"CustomColorIndex":0,"Size":{"x":1,"y":1},"IsSplit":false,"ActivityType":0,"HitPosition":{"x":0,"y":0},"HitChangeType":0},{"BrickID":1,"BrickType":44,"ShapeType":1,"AttributeType":0,"BrickToolType":1,"LockType":0,"ButterTimes":1,"ExtraAttributes":"2;2;2;2;10","BreakTime":{"x":1,"y":0},"IsMovable":false,"MovePosition":0.0,"IsCustomColor":false,"CustomColorIndex":0,"Size":{"x":1,"y":1},"IsSplit":false,"ActivityType":0,"HitPosition":{"x":0,"y":0},"HitChangeType":0},{"BrickID":1,"BrickType":44,"ShapeType":1,"AttributeType":0,"BrickToolType":1,"LockType":0,"ButterTimes":1,"ExtraAttributes":"2;2;2;2;10","BreakTime":{"x":1,"y":0},"IsMovable":false,"MovePosition":0.0,"IsCustomColor":false,"CustomColorIndex":0,"Size":{"x":1,"y":1},"IsSplit":false,"ActivityType":0,"HitPosition":{"x":0,"y":0},"HitChangeType":0},{"BrickID":1,"BrickType":44,"ShapeType":1,"AttributeType":0,"BrickToolType":1,"LockType":0,"ButterTimes":1,"ExtraAttributes":"2;2;2;2;10","BreakTime":{"x":1,"y":0},"IsMovable":false,"MovePosition":0.0,"IsCustomColor":false,"CustomColorIndex":0,"Size":{"x":1,"y":1},"IsSplit":false,"ActivityType":0,"HitPosition":{"x":0,"y":0},"HitChangeType":0},{"BrickID":1,"BrickType":44,"ShapeType":1,"AttributeType":0,"BrickToolType":1,"LockType":0,"ButterTimes":1,"ExtraAttributes":"15;20;15;20;25","BreakTime":{"x":1,"y":0},"IsMovable":false,"MovePosition":0.0,"IsCustomColor":false,"CustomColorIndex":0,"Size":{"x":1,"y":1},"IsSplit":false,"ActivityType":0,"HitPosition":{"x":0,"y":0},"HitChangeType":0}]},{"list":[{"BrickID":0,"BrickType":0,"ShapeType":0,"AttributeType":0,"BrickToolType":0,"LockType":0,"ButterTimes":0,"ExtraAttributes":"","BreakTime":{"x":0,"y":0},"IsMovable":false,"MovePosition":0.0,"IsCustomColor":false,"CustomColorIndex":0,"Size":{"x":0,"y":0},"IsSplit":false,"ActivityType":0,"HitPosition":{"x":0,"y":0},"HitChangeType":0},{"BrickID":1,"BrickType":44,"ShapeType":1,"AttributeType":0,"BrickToolType":1,"LockType":0,"ButterTimes":1,"ExtraAttributes":"1;1;1;1;1","BreakTime":{"x":1,"y":0},"IsMovable":false,"MovePosition":0.0,"IsCustomColor":false,"CustomColorIndex":0,"Size":{"x":1,"y":1},"IsSplit":false,"ActivityType":0,"HitPosition":{"x":0,"y":0},"HitChangeType":0},{"BrickID":1,"BrickType":44,"ShapeType":1,"AttributeType":0,"BrickToolType":1,"LockType":0,"ButterTimes":1,"ExtraAttributes":"15;20;15;20;25","BreakTime":{"x":1,"y":0},"IsMovable":false,"MovePosition":0.0,"IsCustomColor":false,"CustomColorIndex":0,"Size":{"x":1,"y":1},"IsSplit":false,"ActivityType":0,"HitPosition":{"x":0,"y":0},"HitChangeType":0},{"BrickID":1,"BrickType":1,"ShapeType":1,"AttributeType":0,"BrickToolType":1,"LockType":0,"ButterTimes":1,"ExtraAttributes":"","BreakTime":{"x":56,"y":0},"IsMovable":false,"MovePosition":0.0,"IsCustomColor":false,"CustomColorIndex":0,"Size":{"x":1,"y":1},"IsSplit":false,"ActivityType":0,"HitPosition":{"x":0,"y":0},"HitChangeType":0},{"BrickID":1,"BrickType":1,"ShapeType":1,"AttributeType":0,"BrickToolType":1,"LockType":0,"ButterTimes":1,"ExtraAttributes":"","BreakTime":{"x":54,"y":0},"IsMovable":false,"MovePosition":0.0,"IsCustomColor":false,"CustomColorIndex":0,"Size":{"x":1,"y":1},"IsSplit":false,"ActivityType":0,"HitPosition":{"x":0,"y":0},"HitChangeType":0},{"BrickID":1,"BrickType":1,"ShapeType":1,"AttributeType":0,"BrickToolType":1,"LockType":0,"ButterTimes":1,"ExtraAttributes":"","BreakTime":{"x":52,"y":0},"IsMovable":false,"MovePosition":0.0,"IsCustomColor":false,"CustomColorIndex":0,"Size":{"x":1,"y":1},"IsSplit":false,"ActivityType":0,"HitPosition":{"x":0,"y":0},"HitChangeType":0},{"BrickID":0,"BrickType":0,"ShapeType":0,"AttributeType":0,"BrickToolType":0,"LockType":0,"ButterTimes":0,"ExtraAttributes":"","BreakTime":{"x":0,"y":0},"IsMovable":false,"MovePosition":0.0,"IsCustomColor":false,"CustomColorIndex":0,"Size":{"x":0,"y":0},"IsSplit":false,"ActivityType":0,"HitPosition":{"x":0,"y":0},"HitChangeType":0},{"BrickID":1,"BrickType":1,"ShapeType":1,"AttributeType":0,"BrickToolType":1,"LockType":0,"ButterTimes":1,"ExtraAttributes":"","BreakTime":{"x":52,"y":0},"IsMovable":false,"MovePosition":0.0,"IsCustomColor":false,"CustomColorIndex":0,"Size":{"x":1,"y":1},"IsSplit":false,"ActivityType":0,"HitPosition":{"x":0,"y":0},"HitChangeType":0},{"BrickID":1,"BrickType":1,"ShapeType":1,"AttributeType":0,"BrickToolType":1,"LockType":0,"ButterTimes":1,"ExtraAttributes":"","BreakTime":{"x":54,"y":0},"IsMovable":false,"MovePosition":0.0,"IsCustomColor":false,"CustomColorIndex":0,"Size":{"x":1,"y":1},"IsSplit":false,"ActivityType":0,"HitPosition":{"x":0,"y":0},"HitChangeType":0},{"BrickID":1,"BrickType":1,"ShapeType":1,"AttributeType":0,"BrickToolType":1,"LockType":0,"ButterTimes":1,"ExtraAttributes":"","BreakTime":{"x":56,"y":0},"IsMovable":false,"MovePosition":0.0,"IsCustomColor":false,"CustomColorIndex":0,"Size":{"x":1,"y":1},"IsSplit":false,"ActivityType":0,"HitPosition":{"x":0,"y":0},"HitChangeType":0},{"BrickID":1,"BrickType":44,"ShapeType":1,"AttributeType":0,"BrickToolType":1,"LockType":0,"ButterTimes":1,"ExtraAttributes":"15;20;15;20;25","BreakTime":{"x":1,"y":0},"IsMovable":false,"MovePosition":0.0,"IsCustomColor":false,"CustomColorIndex":0,"Size":{"x":1,"y":1},"IsSplit":false,"ActivityType":0,"HitPosition":{"x":0,"y":0},"HitChangeType":0},{"BrickID":1,"BrickType":44,"ShapeType":1,"AttributeType":0,"BrickToolType":1,"LockType":0,"ButterTimes":1,"ExtraAttributes":"1;1;1;1;1","BreakTime":{"x":1,"y":0},"IsMovable":false,"MovePosition":0.0,"IsCustomColor":false,"CustomColorIndex":0,"Size":{"x":1,"y":1},"IsSplit":false,"ActivityType":0,"HitPosition":{"x":0,"y":0},"HitChangeType":0}]},{"list":[{"BrickID":0,"BrickType":0,"ShapeType":0,"AttributeType":0,"BrickToolType":0,"LockType":0,"ButterTimes":0,"ExtraAttributes":"","BreakTime":{"x":0,"y":0},"IsMovable":false,"MovePosition":0.0,"IsCustomColor":false,"CustomColorIndex":0,"Size":{"x":0,"y":0},"IsSplit":false,"ActivityType":0,"HitPosition":{"x":0,"y":0},"HitChangeType":0},{"BrickID":1,"BrickType":44,"ShapeType":1,"AttributeType":0,"BrickToolType":1,"LockType":0,"ButterTimes":1,"ExtraAttributes":"1;1;1;1;1","BreakTime":{"x":1,"y":0},"IsMovable":false,"MovePosition":0.0,"IsCustomColor":false,"CustomColorIndex":0,"Size":{"x":1,"y":1},"IsSplit":false,"ActivityType":0,"HitPosition":{"x":0,"y":0},"HitChangeType":0},{"BrickID":1,"BrickType":44,"ShapeType":1,"AttributeType":0,"BrickToolType":1,"LockType":0,"ButterTimes":1,"ExtraAttributes":"15;20;15;20;25","BreakTime":{"x":1,"y":0},"IsMovable":false,"MovePosition":0.0,"IsCustomColor":false,"CustomColorIndex":0,"Size":{"x":1,"y":1},"IsSplit":false,"ActivityType":0,"HitPosition":{"x":0,"y":0},"HitChangeType":0},{"BrickID":0,"BrickType":0,"ShapeType":0,"AttributeType":0,"BrickToolType":0,"LockType":0,"ButterTimes":0,"ExtraAttributes":"","BreakTime":{"x":0,"y":0},"IsMovable":false,"MovePosition":0.0,"IsCustomColor":false,"CustomColorIndex":0,"Size":{"x":0,"y":0},"IsSplit":false,"ActivityType":0,"HitPosition":{"x":0,"y":0},"HitChangeType":0},{"BrickID":1,"BrickType":1,"ShapeType":1,"AttributeType":0,"BrickToolType":1,"LockType":0,"ButterTimes":1,"ExtraAttributes":"","BreakTime":{"x":63,"y":0},"IsMovable":false,"MovePosition":0.0,"IsCustomColor":false,"CustomColorIndex":0,"Size":{"x":1,"y":1},"IsSplit":false,"ActivityType":0,"HitPosition":{"x":0,"y":0},"HitChangeType":0},{"BrickID":0,"BrickType":0,"ShapeType":0,"AttributeType":0,"BrickToolType":0,"LockType":0,"ButterTimes":0,"ExtraAttributes":"","BreakTime":{"x":0,"y":0},"IsMovable":false,"MovePosition":0.0,"IsCustomColor":false,"CustomColorIndex":0,"Size":{"x":0,"y":0},"IsSplit":false,"ActivityType":0,"HitPosition":{"x":0,"y":0},"HitChangeType":0},{"BrickID":1,"BrickType":44,"ShapeType":1,"AttributeType":0,"BrickToolType":1,"LockType":0,"ButterTimes":1,"ExtraAttributes":"1;1;1;1;1","BreakTime":{"x":1,"y":0},"IsMovable":false,"MovePosition":0.0,"IsCustomColor":false,"CustomColorIndex":0,"Size":{"x":1,"y":1},"IsSplit":false,"ActivityType":0,"HitPosition":{"x":0,"y":0},"HitChangeType":0},{"BrickID":0,"BrickType":0,"ShapeType":0,"AttributeType":0,"BrickToolType":0,"LockType":0,"ButterTimes":0,"ExtraAttributes":"","BreakTime":{"x":0,"y":0},"IsMovable":false,"MovePosition":0.0,"IsCustomColor":false,"CustomColorIndex":0,"Size":{"x":0,"y":0},"IsSplit":false,"ActivityType":0,"HitPosition":{"x":0,"y":0},"HitChangeType":0},{"BrickID":1,"BrickType":1,"ShapeType":1,"AttributeType":0,"BrickToolType":1,"LockType":0,"ButterTimes":1,"ExtraAttributes":"","BreakTime":{"x":63,"y":0},"IsMovable":false,"MovePosition":0.0,"IsCustomColor":false,"CustomColorIndex":0,"Size":{"x":1,"y":1},"IsSplit":false,"ActivityType":0,"HitPosition":{"x":0,"y":0},"HitChangeType":0},{"BrickID":0,"BrickType":0,"ShapeType":0,"AttributeType":0,"BrickToolType":0,"LockType":0,"ButterTimes":0,"ExtraAttributes":"","BreakTime":{"x":0,"y":0},"IsMovable":false,"MovePosition":0.0,"IsCustomColor":false,"CustomColorIndex":0,"Size":{"x":0,"y":0},"IsSplit":false,"ActivityType":0,"HitPosition":{"x":0,"y":0},"HitChangeType":0},{"BrickID":1,"BrickType":44,"ShapeType":1,"AttributeType":0,"BrickToolType":1,"LockType":0,"ButterTimes":1,"ExtraAttributes":"15;20;15;20;25","BreakTime":{"x":1,"y":0},"IsMovable":false,"MovePosition":0.0,"IsCustomColor":false,"CustomColorIndex":0,"Size":{"x":1,"y":1},"IsSplit":false,"ActivityType":0,"HitPosition":{"x":0,"y":0},"HitChangeType":0},{"BrickID":1,"BrickType":44,"ShapeType":1,"AttributeType":0,"BrickToolType":1,"LockType":0,"ButterTimes":1,"ExtraAttributes":"1;1;1;1;1","BreakTime":{"x":1,"y":0},"IsMovable":false,"MovePosition":0.0,"IsCustomColor":false,"CustomColorIndex":0,"Size":{"x":1,"y":1},"IsSplit":false,"ActivityType":0,"HitPosition":{"x":0,"y":0},"HitChangeType":0}]},{"list":[{"BrickID":1,"BrickType":38,"ShapeType":1,"AttributeType":0,"BrickToolType":1,"LockType":0,"ButterTimes":1,"ExtraAttributes":"30;35;45;50","BreakTime":{"x":1,"y":0},"IsMovable":false,"MovePosition":0.0,"IsCustomColor":false,"CustomColorIndex":0,"Size":{"x":2,"y":2},"IsSplit":false,"ActivityType":0,"HitPosition":{"x":0,"y":0},"HitChangeType":0},{"BrickID":0,"BrickType":0,"ShapeType":0,"AttributeType":0,"BrickToolType":0,"LockType":0,"ButterTimes":0,"ExtraAttributes":"","BreakTime":{"x":0,"y":0},"IsMovable":false,"MovePosition":0.0,"IsCustomColor":false,"CustomColorIndex":0,"Size":{"x":0,"y":0},"IsSplit":false,"ActivityType":0,"HitPosition":{"x":0,"y":0},"HitChangeType":0},{"BrickID":1,"BrickType":44,"ShapeType":1,"AttributeType":0,"BrickToolType":1,"LockType":0,"ButterTimes":1,"ExtraAttributes":"15;20;15;20;25","BreakTime":{"x":1,"y":0},"IsMovable":false,"MovePosition":0.0,"IsCustomColor":false,"CustomColorIndex":0,"Size":{"x":1,"y":1},"IsSplit":false,"ActivityType":0,"HitPosition":{"x":0,"y":0},"HitChangeType":0},{"BrickID":1,"BrickType":1,"ShapeType":1,"AttributeType":0,"BrickToolType":1,"LockType":0,"ButterTimes":1,"ExtraAttributes":"","BreakTime":{"x":67,"y":0},"IsMovable":false,"MovePosition":0.0,"IsCustomColor":false,"CustomColorIndex":0,"Size":{"x":1,"y":1},"IsSplit":false,"ActivityType":0,"HitPosition":{"x":0,"y":0},"HitChangeType":0},{"BrickID":1,"BrickType":1,"ShapeType":1,"AttributeType":0,"BrickToolType":1,"LockType":0,"ButterTimes":1,"ExtraAttributes":"","BreakTime":{"x":65,"y":0},"IsMovable":false,"MovePosition":0.0,"IsCustomColor":false,"CustomColorIndex":0,"Size":{"x":1,"y":1},"IsSplit":false,"ActivityType":0,"HitPosition":{"x":0,"y":0},"HitChangeType":0},{"BrickID":0,"BrickType":0,"ShapeType":0,"AttributeType":0,"BrickToolType":0,"LockType":0,"ButterTimes":0,"ExtraAttributes":"","BreakTime":{"x":0,"y":0},"IsMovable":false,"MovePosition":0.0,"IsCustomColor":false,"CustomColorIndex":0,"Size":{"x":0,"y":0},"IsSplit":false,"ActivityType":0,"HitPosition":{"x":0,"y":0},"HitChangeType":0},{"BrickID":1,"BrickType":44,"ShapeType":1,"AttributeType":0,"BrickToolType":1,"LockType":0,"ButterTimes":1,"ExtraAttributes":"15;20;15;20;25","BreakTime":{"x":1,"y":0},"IsMovable":false,"MovePosition":0.0,"IsCustomColor":false,"CustomColorIndex":0,"Size":{"x":1,"y":1},"IsSplit":false,"ActivityType":0,"HitPosition":{"x":0,"y":0},"HitChangeType":0},{"BrickID":0,"BrickType":0,"ShapeType":0,"AttributeType":0,"BrickToolType":0,"LockType":0,"ButterTimes":0,"ExtraAttributes":"","BreakTime":{"x":0,"y":0},"IsMovable":false,"MovePosition":0.0,"IsCustomColor":false,"CustomColorIndex":0,"Size":{"x":0,"y":0},"IsSplit":false,"ActivityType":0,"HitPosition":{"x":0,"y":0},"HitChangeType":0},{"BrickID":1,"BrickType":1,"ShapeType":1,"AttributeType":0,"BrickToolType":1,"LockType":0,"ButterTimes":1,"ExtraAttributes":"","BreakTime":{"x":65,"y":0},"IsMovable":false,"MovePosition":0.0,"IsCustomColor":false,"CustomColorIndex":0,"Size":{"x":1,"y":1},"IsSplit":false,"ActivityType":0,"HitPosition":{"x":0,"y":0},"HitChangeType":0},{"BrickID":1,"BrickType":1,"ShapeType":1,"AttributeType":0,"BrickToolType":1,"LockType":0,"ButterTimes":1,"ExtraAttributes":"","BreakTime":{"x":67,"y":0},"IsMovable":false,"MovePosition":0.0,"IsCustomColor":false,"CustomColorIndex":0,"Size":{"x":1,"y":1},"IsSplit":false,"ActivityType":0,"HitPosition":{"x":0,"y":0},"HitChangeType":0},{"BrickID":1,"BrickType":44,"ShapeType":1,"AttributeType":0,"BrickToolType":1,"LockType":0,"ButterTimes":1,"ExtraAttributes":"15;20;15;20;25","BreakTime":{"x":1,"y":0},"IsMovable":false,"MovePosition":0.0,"IsCustomColor":false,"CustomColorIndex":0,"Size":{"x":1,"y":1},"IsSplit":false,"ActivityType":0,"HitPosition":{"x":0,"y":0},"HitChangeType":0},{"BrickID":1,"BrickType":38,"ShapeType":1,"AttributeType":0,"BrickToolType":1,"LockType":0,"ButterTimes":1,"ExtraAttributes":"30;35;45;50","BreakTime":{"x":1,"y":0},"IsMovable":false,"MovePosition":0.0,"IsCustomColor":false,"CustomColorIndex":0,"Size":{"x":2,"y":2},"IsSplit":false,"ActivityType":0,"HitPosition":{"x":0,"y":0},"HitChangeType":0}]},{"list":[{"BrickID":0,"BrickType":0,"ShapeType":0,"AttributeType":0,"BrickToolType":0,"LockType":0,"ButterTimes":0,"ExtraAttributes":"","BreakTime":{"x":0,"y":0},"IsMovable":false,"MovePosition":0.0,"IsCustomColor":false,"CustomColorIndex":0,"Size":{"x":0,"y":0},"IsSplit":false,"ActivityType":0,"HitPosition":{"x":0,"y":0},"HitChangeType":0},{"BrickID":0,"BrickType":0,"ShapeType":0,"AttributeType":0,"BrickToolType":0,"LockType":0,"ButterTimes":0,"ExtraAttributes":"","BreakTime":{"x":0,"y":0},"IsMovable":false,"MovePosition":0.0,"IsCustomColor":false,"CustomColorIndex":0,"Size":{"x":0,"y":0},"IsSplit":false,"ActivityType":0,"HitPosition":{"x":0,"y":0},"HitChangeType":0},{"BrickID":1,"BrickType":44,"ShapeType":1,"AttributeType":0,"BrickToolType":1,"LockType":0,"ButterTimes":1,"ExtraAttributes":"15;20;15;20;25","BreakTime":{"x":1,"y":0},"IsMovable":false,"MovePosition":0.0,"IsCustomColor":false,"CustomColorIndex":0,"Size":{"x":1,"y":1},"IsSplit":false,"ActivityType":0,"HitPosition":{"x":0,"y":0},"HitChangeType":0},{"BrickID":1,"BrickType":44,"ShapeType":1,"AttributeType":0,"BrickToolType":1,"LockType":0,"ButterTimes":1,"ExtraAttributes":"15;20;15;20;25","BreakTime":{"x":1,"y":0},"IsMovable":false,"MovePosition":0.0,"IsCustomColor":false,"CustomColorIndex":0,"Size":{"x":1,"y":1},"IsSplit":false,"ActivityType":0,"HitPosition":{"x":0,"y":0},"HitChangeType":0},{"BrickID":1,"BrickType":44,"ShapeType":1,"AttributeType":0,"BrickToolType":1,"LockType":0,"ButterTimes":1,"ExtraAttributes":"1;1;1;1;1","BreakTime":{"x":1,"y":0},"IsMovable":false,"MovePosition":0.0,"IsCustomColor":false,"CustomColorIndex":0,"Size":{"x":1,"y":1},"IsSplit":false,"ActivityType":0,"HitPosition":{"x":0,"y":0},"HitChangeType":0},{"BrickID":1,"BrickType":44,"ShapeType":1,"AttributeType":0,"BrickToolType":1,"LockType":0,"ButterTimes":1,"ExtraAttributes":"15;20;15;20;25","BreakTime":{"x":1,"y":0},"IsMovable":false,"MovePosition":0.0,"IsCustomColor":false,"CustomColorIndex":0,"Size":{"x":1,"y":1},"IsSplit":false,"ActivityType":0,"HitPosition":{"x":0,"y":0},"HitChangeType":0},{"BrickID":1,"BrickType":44,"ShapeType":1,"AttributeType":0,"BrickToolType":1,"LockType":0,"ButterTimes":1,"ExtraAttributes":"1;1;1;1;1","BreakTime":{"x":1,"y":0},"IsMovable":false,"MovePosition":0.0,"IsCustomColor":false,"CustomColorIndex":0,"Size":{"x":1,"y":1},"IsSplit":false,"ActivityType":0,"HitPosition":{"x":0,"y":0},"HitChangeType":0},{"BrickID":1,"BrickType":44,"ShapeType":1,"AttributeType":0,"BrickToolType":1,"LockType":0,"ButterTimes":1,"ExtraAttributes":"15;20;15;20;25","BreakTime":{"x":1,"y":0},"IsMovable":false,"MovePosition":0.0,"IsCustomColor":false,"CustomColorIndex":0,"Size":{"x":1,"y":1},"IsSplit":false,"ActivityType":0,"HitPosition":{"x":0,"y":0},"HitChangeType":0},{"BrickID":1,"BrickType":44,"ShapeType":1,"AttributeType":0,"BrickToolType":1,"LockType":0,"ButterTimes":1,"ExtraAttributes":"1;1;1;1;1","BreakTime":{"x":1,"y":0},"IsMovable":false,"MovePosition":0.0,"IsCustomColor":false,"CustomColorIndex":0,"Size":{"x":1,"y":1},"IsSplit":false,"ActivityType":0,"HitPosition":{"x":0,"y":0},"HitChangeType":0},{"BrickID":1,"BrickType":44,"ShapeType":1,"AttributeType":0,"BrickToolType":1,"LockType":0,"ButterTimes":1,"ExtraAttributes":"15;20;15;20;25","BreakTime":{"x":1,"y":0},"IsMovable":false,"MovePosition":0.0,"IsCustomColor":false,"CustomColorIndex":0,"Size":{"x":1,"y":1},"IsSplit":false,"ActivityType":0,"HitPosition":{"x":0,"y":0},"HitChangeType":0},{"BrickID":1,"BrickType":44,"ShapeType":1,"AttributeType":0,"BrickToolType":1,"LockType":0,"ButterTimes":1,"ExtraAttributes":"15;20;15;20;25","BreakTime":{"x":1,"y":0},"IsMovable":false,"MovePosition":0.0,"IsCustomColor":false,"CustomColorIndex":0,"Size":{"x":1,"y":1},"IsSplit":false,"ActivityType":0,"HitPosition":{"x":0,"y":0},"HitChangeType":0}]},{"list":[{"BrickID":1,"BrickType":1,"ShapeType":1,"AttributeType":0,"BrickToolType":1,"LockType":0,"ButterTimes":1,"ExtraAttributes":"","BreakTime":{"x":82,"y":0},"IsMovable":false,"MovePosition":0.0,"IsCustomColor":false,"CustomColorIndex":0,"Size":{"x":1,"y":1},"IsSplit":false,"ActivityType":0,"HitPosition":{"x":0,"y":0},"HitChangeType":0},{"BrickID":1,"BrickType":1,"ShapeType":1,"AttributeType":0,"BrickToolType":1,"LockType":0,"ButterTimes":1,"ExtraAttributes":"","BreakTime":{"x":71,"y":0},"IsMovable":false,"MovePosition":0.0,"IsCustomColor":false,"CustomColorIndex":0,"Size":{"x":1,"y":1},"IsSplit":false,"ActivityType":0,"HitPosition":{"x":0,"y":0},"HitChangeType":0},{"BrickID":1,"BrickType":1,"ShapeType":1,"AttributeType":0,"BrickToolType":1,"LockType":0,"ButterTimes":1,"ExtraAttributes":"","BreakTime":{"x":72,"y":0},"IsMovable":false,"MovePosition":0.0,"IsCustomColor":false,"CustomColorIndex":0,"Size":{"x":1,"y":1},"IsSplit":false,"ActivityType":0,"HitPosition":{"x":0,"y":0},"HitChangeType":0},{"BrickID":1,"BrickType":1,"ShapeType":1,"AttributeType":0,"BrickToolType":1,"LockType":0,"ButterTimes":1,"ExtraAttributes":"","BreakTime":{"x":73,"y":0},"IsMovable":false,"MovePosition":0.0,"IsCustomColor":false,"CustomColorIndex":0,"Size":{"x":1,"y":1},"IsSplit":false,"ActivityType":0,"HitPosition":{"x":0,"y":0},"HitChangeType":0},{"BrickID":1,"BrickType":1,"ShapeType":1,"AttributeType":0,"BrickToolType":1,"LockType":0,"ButterTimes":1,"ExtraAttributes":"","BreakTime":{"x":64,"y":0},"IsMovable":false,"MovePosition":0.0,"IsCustomColor":false,"CustomColorIndex":0,"Size":{"x":1,"y":1},"IsSplit":false,"ActivityType":0,"HitPosition":{"x":0,"y":0},"HitChangeType":0},{"BrickID":1,"BrickType":1,"ShapeType":1,"AttributeType":0,"BrickToolType":1,"LockType":0,"ButterTimes":1,"ExtraAttributes":"","BreakTime":{"x":65,"y":0},"IsMovable":false,"MovePosition":0.0,"IsCustomColor":false,"CustomColorIndex":0,"Size":{"x":1,"y":1},"IsSplit":false,"ActivityType":0,"HitPosition":{"x":0,"y":0},"HitChangeType":0},{"BrickID":1,"BrickType":1,"ShapeType":1,"AttributeType":0,"BrickToolType":1,"LockType":0,"ButterTimes":1,"ExtraAttributes":"","BreakTime":{"x":66,"y":0},"IsMovable":false,"MovePosition":0.0,"IsCustomColor":false,"CustomColorIndex":0,"Size":{"x":1,"y":1},"IsSplit":false,"ActivityType":0,"HitPosition":{"x":0,"y":0},"HitChangeType":0},{"BrickID":1,"BrickType":1,"ShapeType":1,"AttributeType":0,"BrickToolType":1,"LockType":0,"ButterTimes":1,"ExtraAttributes":"","BreakTime":{"x":65,"y":0},"IsMovable":false,"MovePosition":0.0,"IsCustomColor":false,"CustomColorIndex":0,"Size":{"x":1,"y":1},"IsSplit":false,"ActivityType":0,"HitPosition":{"x":0,"y":0},"HitChangeType":0},{"BrickID":1,"BrickType":1,"ShapeType":1,"AttributeType":0,"BrickToolType":1,"LockType":0,"ButterTimes":1,"ExtraAttributes":"","BreakTime":{"x":64,"y":0},"IsMovable":false,"MovePosition":0.0,"IsCustomColor":false,"CustomColorIndex":0,"Size":{"x":1,"y":1},"IsSplit":false,"ActivityType":0,"HitPosition":{"x":0,"y":0},"HitChangeType":0},{"BrickID":1,"BrickType":1,"ShapeType":1,"AttributeType":0,"BrickToolType":1,"LockType":0,"ButterTimes":1,"ExtraAttributes":"","BreakTime":{"x":73,"y":0},"IsMovable":false,"MovePosition":0.0,"IsCustomColor":false,"CustomColorIndex":0,"Size":{"x":1,"y":1},"IsSplit":false,"ActivityType":0,"HitPosition":{"x":0,"y":0},"HitChangeType":0},{"BrickID":1,"BrickType":1,"ShapeType":1,"AttributeType":0,"BrickToolType":1,"LockType":0,"ButterTimes":1,"ExtraAttributes":"","BreakTime":{"x":72,"y":0},"IsMovable":false,"MovePosition":0.0,"IsCustomColor":false,"CustomColorIndex":0,"Size":{"x":1,"y":1},"IsSplit":false,"ActivityType":0,"HitPosition":{"x":0,"y":0},"HitChangeType":0},{"BrickID":1,"BrickType":1,"ShapeType":1,"AttributeType":0,"BrickToolType":1,"LockType":0,"ButterTimes":1,"ExtraAttributes":"","BreakTime":{"x":71,"y":0},"IsMovable":false,"MovePosition":0.0,"IsCustomColor":false,"CustomColorIndex":0,"Size":{"x":1,"y":1},"IsSplit":false,"ActivityType":0,"HitPosition":{"x":0,"y":0},"HitChangeType":0},{"BrickID":1,"BrickType":1,"ShapeType":1,"AttributeType":0,"BrickToolType":1,"LockType":0,"ButterTimes":1,"ExtraAttributes":"","BreakTime":{"x":82,"y":0},"IsMovable":false,"MovePosition":0.0,"IsCustomColor":false,"CustomColorIndex":0,"Size":{"x":1,"y":1},"IsSplit":false,"ActivityType":0,"HitPosition":{"x":0,"y":0},"HitChangeType":0}]}]},"Areas":[],"Row":17,"VisibleRow":16,"Column":13,"Score":[300,5000,7000],"StartPosition":50.0,"ColorRange":{"x":1,"y":9},"ColorTopLimit":{"x":10,"y":120},"ChargeMax":0,"BallCount":50,"Target":[{"x":25,"y":8},{"x":44,"y":39},{"x":12,"y":16}],"Barriers":[],"Rivers":[],"Curtains":[],"TreasureMaps":[],"CoinCountRange":{"x":0,"y":0},"CoinValueRange":{"x":0,"y":0},"Annotation":"","Difficulty":0}